{
  "ACTOR.TypeNPC": "PNJ",
  "ACTOR.TypePlayer": "Jogador",

  "ITEM.TypeAmmunition": "Munição",
  "ITEM.TypeArmor": "Armadura",
  "ITEM.TypeEquipment": "Equipamento",
  "ITEM.TypeMount": "Montaria",
  "ITEM.TypeSkill": "Habilidade",
  "ITEM.TypeSpell": "Magia",
  "ITEM.TypeTreasure": "Tesouro",
  "ITEM.TypeWeapon": "Arma",

  "Dungeon Crawl Classics": "Dungeon Crawl Classics",
  "DCC.AC": "CA",
  "DCC.AbbreviationCR": "CtA",
  "DCC.AbbreviationConc": "Conc.",
  "DCC.AbbreviationDC": "CD",
  "DCC.AbbreviationLR": "MdA",
  "DCC.AbbreviationLbs": "lbs.",
  "DCC.AbbreviationLevel": "Nvl.",
  "DCC.AbbreviationSR": "LgA",
  "DCC.Ability": "Habilidade",
  "DCC.AbilityAgl": "Agilidade",
  "DCC.AbilityAglShort": "Agi",
  "DCC.AbilityCheck": "Teste de Habilidade",
  "DCC.AbilityInt": "Inteligência",
  "DCC.AbilityIntShort": "Int",
  "DCC.AbilityLck": "Sorte",
  "DCC.AbilityLckShort": "Srt",
  "DCC.AbilityModifier": "Modificador de Habilidade",
  "DCC.AbilityPer": "Personalidade",
  "DCC.AbilityPerShort": "Por",
  "DCC.AbilityPromptText": "Que tipo de {ability} para o teste?",
  "DCC.AbilityPromptTitle": "Teste da Habilidade {ability}",
  "DCC.AbilitySta": "Vigor",
  "DCC.AbilityStaShort": "Vig",
  "DCC.AbilityStr": "Força",
  "DCC.AbilityStrShort": "For",
  "DCC.AbilityUseChargedHint": "Este {type} está carregado e pronto para uso!",
  "DCC.AbilityUseConsumableChargeHint": "Usando este {type} vai consumir 1 carga de {value} restante.",
  "DCC.AbilityUseConsumableDestroyHint": "Usando este {type} vai consumir a craga final e será destruído.",
  "DCC.AbilityUseConsumableQuantityHint": "Usando este {type} vai consumir 1 quantidade de {quantity} restantes.",
  "DCC.AbilityUseConsume": "Consumir Uso Disponível?",
  "DCC.AbilityUseHint": "Configure como gostaria de usar {name} {type}.",
  "DCC.AbilityUseNormalHint": "Este {type} tem {value} de {max} usos por {per} remanescentes.",
  "DCC.AbilityUseRechargedHint": "Este {type} está esgotado e deve ser recarregado!",
  "DCC.AbilityUseUnavailableHint": "Não há usos restante neste item!",
  "DCC.Action": "Ação",
  "DCC.ActionAbil": "Teste de Habilidade",
  "DCC.ActionDice": "Dado de Ação",
  "DCC.ActionDiceMacroName": "Dado de Ação ({die})",
  "DCC.ActionDie": "Dado de Ação",
  "DCC.ActionHeal": "Cura",
  "DCC.ActionMSAK": "Ataque de Magia Corpo a corpo",
  "DCC.ActionMWAK": "Ataque de Arma Corpo a corpo",
  "DCC.ActionOther": "Outro",
  "DCC.ActionPl": "Ações",
  "DCC.ActionRWAK": "Ataque de Arma à Distância",
  "DCC.ActionSave": "Jogada de Proteção",
  "DCC.ActionUtil": "Utility",
  "DCC.ActorImport": "Importat Ator(es)",
  "DCC.ActorImportConfirmationMessage": "Isto vai importar {number} atores. Tem certeza que vai continuar?",
  "DCC.ActorImportConfirmationPrompt": "Realmente importar {number} atores?",
  "DCC.ActorImportStatblock": "Bloco de estatística(s) ou linha de estatística(s)",
  "DCC.ActorType": "Tipo de Ator",
  "DCC.ActorTypeNPC": "Linha de estatística(s) do PNJ",
  "DCC.ActorTypePlayer": "Bloco de estatística(s) do Jogador",
  "DCC.Add": "Criar",
  "DCC.AddClassLevelToInitiative": "Adicionar Nível de Classe a Iniciativa",
  "DCC.AdjacentAlignment": "Adjacente",
  "DCC.Advantage": "Vantagem",
  "DCC.Alignment": "Alinhamento",
  "DCC.AlignmentC": "Caótico",
  "DCC.AlignmentL": "Ordeiro",
  "DCC.AlignmentN": "Neutro",
  "DCC.Ammunition": "Munição",
  "DCC.ApplyDisapprovalMacroName": "Aumentar Alcance da Desaprovação",
  "DCC.Armor": "Armadura",
  "DCC.ArmorClass": "Classe de Armadura",
  "DCC.ArmorPropertiesACBonus": "Bônus de CA",
  "DCC.ArmorPropertiesCheckPenalty": "Teste de Penalidade",
  "DCC.ArmorPropertiesFumbleDie": "Dado de Falha",
  "DCC.ArmorPropertiesSpeed": "Movimentação",
  "DCC.AsCoins": "Como Moedas",
  "DCC.Attack": "Ataque",
  "DCC.AttackBonus": "Bônus de Ataque",
  "DCC.AttackBonusConfigMode": "Modo Bônus de Ataque",
  "DCC.AttackBonusConfigModeAutoPerAttack": "Rolar Por Ataque",
  "DCC.AttackBonusConfigModeFlat": "Bônus Raso",
  "DCC.AttackBonusConfigModeInfo": "Escolha como e quando o Bônus de Ataque é rolado. Use @ab em Para Acerto ou Dano para o valor ou última jogada de ação.",
  "DCC.AttackBonusConfigModeManual": "Jogada Manual",
  "DCC.AttackBonusRollInvalidFormulaInline": "<b>Fórmula de Bônus de Ataque Inválida '{formula}'</b>",
  "DCC.AttackPl": "Ataques",
  "DCC.AttackRoll": "Rolar ataque com {weapon}",
  "DCC.AttackRollDeedEmoteSegment": " com ação do Feito {deed}",
  "DCC.AttackRollEmote": "Ataques com seu/sua {weaponName} quando acerta o CA {rollHTML}{deedRollHTML} dá {damageRollHTML} pontos de dano!{crit}{fumble}",
  "DCC.AttackRollInvalidFormula": "Fórmula de Acerto Inválida {formula} com {weapon}",
  "DCC.AttackRollInvalidFormulaInline": "<b>Fórmula de Acerto Inválida '{formula}'</b>",
  "DCC.Attributes": "Atributos",
  "DCC.Attuned": "Sintonizado",
  "DCC.Avatar": "Avatar do usuário",
  "DCC.Background": "Histórico",
  "DCC.Backstab": "Ataque pelas costas",
  "DCC.BackstabEmote": "Ataque pelas costas com suas {weaponName} e Acerto a CA {rollHTML}{deedRollHTML} dá {damageRollHTML} pontos de dano!{crit}{fumble}",
  "DCC.BackstabRoll": "Ataque pelas costas jogado com {weapon}",
  "DCC.BackstabRollInvalidFormula": "Fórmula de Dano Inválida {formula} ataque pelas costas com {weapon}",
  "DCC.BadValueFormulaWarning": "Fórmula errada no valor do campo do item!",
  "DCC.BaseACAbilityConfig": "CA Base da Habilidade",
  "DCC.Bio": "Bio",
  "DCC.Biography": "Biografia",
  "DCC.BirthAugur": "Augúrio",
  "DCC.Bonus": "Bônus",
  "DCC.BonusAbilityCheck": "Bônus Global Jogada de Habilidade",
  "DCC.BonusAbilitySave": "Bônus Global de Jogada de Proteção",
  "DCC.BonusAbilitySkill": "Bônus Global Jogada de Perícia",
  "DCC.BonusAction": "Ação Bônus",
  "DCC.BonusMWAttack": "Bônus de Ataque com Arma Corpo a corpo",
  "DCC.BonusMWDamage": "Bônus de Dano com Arma Corpo a corpo",
  "DCC.BonusRWAttack": "Bônus de Ataque com Arma à Distância",
  "DCC.BonusRWDamage": "Bônus de Dano com Arma à Distância",
  "DCC.BonusTitle": "Configurar Bônus do Ator",
  "DCC.Bonuses": "Bônus Global",
  "DCC.BonusesHint": "Defina o bônus glocal como fórmula ao qual é adcionado a certas jogadas. Por exmeplo: 1d4 + 2",
  "DCC.BonusesInstructions": "Configure o bônus do personagem ao qual é adicionado ao rolagem de dado apropriada",
  "DCC.Cancel": "Cancelar",
  "DCC.CapLevelConfig": "Limite do Nível",
  "DCC.CastSpellFromScroll": "Usar Pergaminhos",
  "DCC.Character": "Personagem",
  "DCC.CharacterName": "Nome do Personagem",
  "DCC.CharacterPortrait": "Retrato do Personagem",
  "DCC.Charged": "Carregado",
  "DCC.Charges": "Cargas",
  "DCC.ChatContextDamage": "Aplicar Dano",
  "DCC.ChatContextHealing": "Aplicar Cura",
  "DCC.ChatFlavor": "Tipo de mensagem de bate-papo",
  "DCC.Check": "Teste",
  "DCC.CheckPenalty": "Penalidade na Jogada",
  "DCC.ClassLevels": "Níveis da Classe",
  "DCC.ClassName": "Nome da Classe",
  "DCC.ClassSkillsChosen": "Perícias da Classe escolhidas",
  "DCC.ClassSkillsNumber": "Número de Perícias de Inicais",
  "DCC.Clear": "Limpar",
  "DCC.Cleric": "Clérigo",
  "DCC.ClericClassLink": "@Compendium[dcc-core-book.dcc-core-journals.YWdG6wpTrICWyrc1]{Cleric}",
  "DCC.ClericSpellLevel": "Nível de Magia",
  "DCC.ClericSpellName": "Nome da Magia",
  "DCC.ClericSpells": "Magias de Clérigo",
  "DCC.ClimbSheerSurfaces": "Escalar Superfícies",
  "DCC.ComponentMaterial": "Material",
  "DCC.ComponentSomatic": "Somático",
  "DCC.ComponentVerbal": "Verbal",
  "DCC.ComputeACConfig": "Calcular CA",
  "DCC.ComputeCheckPenaltyConfig": "Calcular Jogada com Penalidade",
  "DCC.ComputeSpeedConfig": "Calcular Movimentação",
  "DCC.ConBlinded": "Cego",
  "DCC.ConCharmed": "Encantado",
  "DCC.ConDeafened": "Surdo",
  "DCC.ConDiseased": "Doente",
  "DCC.ConExhaustion": "Exausto",
  "DCC.ConFrightened": "Apavarado",
  "DCC.ConGrappled": "Agarrado",
  "DCC.ConImm": "Imunidades de condição",
  "DCC.ConIncapacitated": "Incapacitado",
  "DCC.ConInvisible": "Invisível",
  "DCC.ConParalyzed": "Paralisado",
  "DCC.ConPetrified": "Petrificado",
  "DCC.ConPoisoned": "Envenenado",
  "DCC.ConProne": "Derrubado",
  "DCC.ConRestrained": "Dominado",
  "DCC.ConStunned": "Atordoado",
  "DCC.ConUnconscious": "Inconsciente",
  "DCC.Concentration": "Concentração",
  "DCC.ConfigureItem": "Configuração",
  "DCC.ConfigureSheet": "Configuração",
  "DCC.ConsumableAmmunition": "Munição",
  "DCC.ConsumableFood": "Comida",
  "DCC.ConsumableLastChargeWarn": "Esta é a última carga desta unidade e consumindo isto também vai reduzir a quantidade do item em 1",
  "DCC.ConsumablePoison": "Veneno",
  "DCC.ConsumablePotion": "Poção",
  "DCC.ConsumableRod": "Cetro",
  "DCC.ConsumableScroll": "Pergaminho",
  "DCC.ConsumableTrinket": "Trinket",
  "DCC.ConsumableUnitWarn": "unidades restantes",
  "DCC.ConsumableUseWarnEnd": "de unidade atual",
  "DCC.ConsumableUseWarnStart": "Este consumível tem",
  "DCC.ConsumableWand": "Varinha",
  "DCC.ConsumableWithoutCharges": "unidades disponíveis para uso",
  "DCC.ConsumeAmmunition": "Munição",
  "DCC.ConsumeAttribute": "Atributo",
  "DCC.ConsumeCharges": "Usos do Item",
  "DCC.ConsumeMaterial": "Material",
  "DCC.ConsumeWarningNoQuantity": "{name} está sem {type}!",
  "DCC.ConsumeWarningNoResource": "{name} está designado a consumir {type} mas não tem o recurso especificado!",
  "DCC.ConsumeWarningNoSource": "O {type} designado como fonte de consumo para {name} não existe mais!",
  "DCC.ConsumeWarningZeroAttribute": "{name} esgotou o recurso designado de sua fonte!",
  "DCC.Consumed": "Consumido",
  "DCC.Corruptions": "Corrupções",
  "DCC.CostGP": "Custo (PO)",
  "DCC.CreditsButton" : "Créditos",
  "DCC.CritDie": "Dado Crítico",
  "DCC.CritRange": "Feitos Extraordinários de Combate",
  "DCC.CritTable": "Tabela de Crít.",
  "DCC.Critical": "Crítico",
  "DCC.CriticalHit": "Acerto Crítico",
  "DCC.Currency": "Valores",
  "DCC.CurrencyCP": "Cobre",
  "DCC.CurrencyConvert": "Converter Todos Valores",
  "DCC.CurrencyConvertHint": "Converte todos os valores para o maior possível para reduzir a quantidade de moedas carregadas pelo personagem. Atenção, esta ação não pode ser desfeita.",
  "DCC.CurrencyEP": "Eletrum",
  "DCC.CurrencyGP": "Ouro",
  "DCC.CurrencyPP": "Platina",
  "DCC.CurrencySP": "Prata",
  "DCC.CurrencyShortCP": "Pc.",
  "DCC.CurrencyShortEP": "Pe.",
  "DCC.CurrencyShortGP": "Po.",
  "DCC.CurrencyShortPP": "Pl.",
  "DCC.CurrencyShortSP": "Pp.",
  "DCC.DCCActorSheet": "Zero / PNJ",
  "DCC.DCCActorSheetCleric": "Clérigo",
  "DCC.DCCActorSheetDwarf": "Anão",
  "DCC.DCCActorSheetElf": "Elfo",
  "DCC.DCCActorSheetGeneric": "Ficha Genérica",
  "DCC.DCCActorSheetHalfling": "Halfling",
  "DCC.DCCActorSheetThief": "Ladrão",
  "DCC.DCCActorSheetWarrior": "Guerreiro",
  "DCC.DCCActorSheetWizard": "Mago",
  "DCC.DamImm": "Imunidades de Dano",
  "DCC.DamRes": "Resistências de Dano",
  "DCC.DamVuln": "Vulnerabilidades de Dano",
  "DCC.Damage": "Dano",
  "DCC.DamageAcid": "Ácido",
  "DCC.DamageBludgeoning": "Esmagamento",
  "DCC.DamageCold": "Frio",
  "DCC.DamageDie": "Dado de Dano",
  "DCC.DamageFire": "Fogo",
  "DCC.DamageLightning": "Raio",
  "DCC.DamageModifier": "Modificador de Dano",
  "DCC.DamagePiercing": "Perfurante",
  "DCC.DamagePoison": "Veneno",
  "DCC.DamageRoll": "Jogada de Dano para {weapon}",
  "DCC.DamageRollInvalidFormula": "Fórmula inválida de Dano {formula} com {weapon}",
  "DCC.DamageRollInvalidFormulaInline": "<b>Fórmula inválida de Dano '{formula}'</b>",
  "DCC.DamageSlashing": "Cortante",
  "DCC.DamageSpecial": "Dano Especial",
  "DCC.Day": "Dia",
  "DCC.DeedDie": "Dado de Feito",
  "DCC.DeedRoll": "Jogada de Dado de Feito",
  "DCC.DeedRollTitle": "Última Jogado de Bônus de Ataque (@ab)",
  "DCC.DeedRollValue": "JOgada de Feito",
  "DCC.DefaultAbilityCheck": "Jogada Padrão de Habilidade",
  "DCC.Deity": "Divindade",
  "DCC.DeleteItem": "Deletar este item da ficha?",
  "DCC.DeleteItemExplain": "Isto via remover o item e não pdoe ser desfeito.",
  "DCC.Description": "Descrição",
  "DCC.Details": "Detalhes",
  "DCC.DisableTrap": "Desarmar Armadilhas",
  "DCC.Disadvantage": "Desvantagem",
  "DCC.DisapprovalFormulaWarning": "Fórmula de rolagem inválida para Desaprovação '{formula}'.",
  "DCC.DisapprovalGained": "Alcance aumentou para {range}",
  "DCC.DisapprovalRange": "Alcance de Desaprovação",
  "DCC.DisapprovalRoll": "Jogada de Desaprovação",
  "DCC.DisapprovalRollFormula": "Jogada de Desaprovação",
  "DCC.DisapprovalTable": "Tabela de Deaprovação",
  "DCC.DisguiseSelf": "Disfarçar-se",
  "DCC.DistAny": "Qualquer",
  "DCC.DistFt": "Pés",
  "DCC.DistMi": "Milhas",
  "DCC.DistSelf": "Auto",
  "DCC.DistTouch": "Toque",
  "DCC.DivineAid": "Ajuda Divina",
  "DCC.Duration": "Duração",
  "DCC.Dwarf": "Anão",
  "DCC.DwarfClassLink": "@Compendium[dcc-core-book.dcc-core-journals.HI3c5IBGeIyvvUQC]{Dwarf}",
  "DCC.Elf": "Elfo",
  "DCC.ElfClassLink": "@Compendium[dcc-core-book.dcc-core-journals.vycwtEPfYdeQARUR]{Elf}",
  "DCC.ElfImmunities": "Imune a sono mágico e paralisia",
  "DCC.ElfLuckMod": "Modificador de sorte para um nível de magia 1",
  "DCC.ElfSpells": "Magias de Elfo",
  "DCC.Equipment": "Equipamento",
  "DCC.EquipmentBonus": "Bônus Mágico",
  "DCC.EquipmentClothing": "Roupas",
  "DCC.EquipmentHeavy": "Armadura Pesada",
  "DCC.EquipmentLight": "Armadura Leve",
  "DCC.EquipmentMedium": "Armadura Média",
  "DCC.EquipmentNatural": "Armadura Natural",
  "DCC.EquipmentShield": "Escudo",
  "DCC.EquipmentShieldProficiency": "Escudos",
  "DCC.Equipped": "Equipado",
  "DCC.Exhaustion": "Exaustão",
  "DCC.Experience": "Experiência",
  "DCC.Expertise": "Especialidade",
  "DCC.Familiar": "Familiar",
  "DCC.FeatureActionRecharge": "Ação de recarga",
  "DCC.FeatureActive": "Habilidades Ativas",
  "DCC.FeatureAdd": "Caraterística de Criatura",
  "DCC.FeatureAttack": "Característica de Ataque",
  "DCC.FeaturePassive": "Habilidades Passivas",
  "DCC.FeatureRechargeOn": "Recarga Ligada",
  "DCC.FeatureRechargeResult": "Resultado 1d6",
  "DCC.FeatureUsage": "Uso de Característica",
  "DCC.Features": "Características",
  "DCC.Filter": "Filtro",
  "DCC.FindTrap": "Encontrar Armadilhas",
  "DCC.FlagsSave": "Atualizar características especiais",
  "DCC.FlagsTitle": "Configurar características especiais",
  "DCC.FleetingLuck": "Sorte Passageira",
  "DCC.FleetingLuckClearButton": "Tira Tudo",
  "DCC.FleetingLuckClearButtonTitle": "Tira toda Sorte Passageira de todos os usuários.",
  "DCC.FleetingLuckClearMessage": "Toda Sorte Passageira foi perdida!",
  "DCC.FleetingLuckClearTitle": "Tira toda Sorte Passageira deste usuário.",
  "DCC.FleetingLuckAllPlayers": "Todos Jogadores",
  "DCC.FleetingLuckFilterButtonTitle": "Filtrar outros usuários",
  "DCC.FleetingLuckGive": "Premiar com Sorte Passageira",
  "DCC.FleetingLuckGiveTitle": "Premiar com um ponto de Sorte Passageira a este usuário.",
  "DCC.FleetingLuckGiveMessage": "{user} ganhou {amount} Sorte Passageira.",
  "DCC.FleetingLuckResetButton": "Reiniciar Tudo",
  "DCC.FleetingLuckResetButtonTitle": "Reiniciar Sorte Passageira para uma nova sessão.",
  "DCC.FleetingLuckResetMessage": "Sorte Passageira reiniciada rpa todos usuários.",
  "DCC.FleetingLuckSpendButton": "Gastar",
  "DCC.FleetingLuckSpendTitle": "Gastar Sorte Passageira deste usuário.",
  "DCC.FleetingLuckSpendButtonTitle": "Gastar Sorte Passageira.",
  "DCC.FleetingLuckSpendMessage": "{user} gastou {amount} Sorte Passageira",
  "DCC.FleetingLuckSpendNoLuckWarning": "{user} não tem Sorte Passageira para gastar.",
  "DCC.FleetingLuckTake": "Tirar Sorte Passageira",
  "DCC.FleetingLuckTakeTitle": "Tira um ponto de Sorte Passageira deste usuário.",
  "DCC.FleetingLuckTakeMessage": "{user} perdeu {amount} Sorte Passageira.",
  "DCC.FleetingLuckTerm": "Quantidade de Sorte Passageira",
  "DCC.Folder": "Diretório",
  "DCC.ForgeDocument": "Forjar Documentos",
  "DCC.Formula": "Fórmula",
  "DCC.Fumble": "Falha",
  "DCC.FumbleDie": "Dado de Falha",
  "DCC.Funds": "Fundos",
  "DCC.Generic": "Genérico",
  "DCC.GrantedAbilities": "Habilidades Garantidas",
  "DCC.HD": "DV",
  "DCC.HP": "PV",
  "DCC.Halfling": "Halfling",
  "DCC.HalflingClassLink": "@Compendium[dcc-core-book.dcc-core-journals.ncyQ7HTHggukmeBJ]{Halfling}",
  "DCC.HalflingTwoWeaponActionDie": "Dado de Ação d16+d16",
  "DCC.HalflingTwoWeaponCrit": "Crítico com natural 16",
  "DCC.HalflingTwoWeaponFumble": "Falha Crítica somente com ambos os dados 1",
  "DCC.HalflingTwoWeaponHighAg": "Se Agi > 16 use as regras normais",
  "DCC.HandlePoison": "Manipular veneno",
  "DCC.HealDamage": "Curado em {damage} PV.",
  "DCC.Healing": "Curando",
  "DCC.Health": "Saúde",
  "DCC.HealthFormula": "Fórmula de Cura",
  "DCC.HeightenedSenses": "Encontrar Portas Secretas",
  "DCC.HeightenedSensesDescription": "+4 para Encontrar Portas Secretas (Int)",
  "DCC.HideInShadows": "Esconder-se nas sombras",
  "DCC.HitBonus": "Bônus de Acerto",
  "DCC.HitDice": "Dado de Acerto",
  "DCC.HitDiceRoll": "Jogada de Dado de Acerto",
  "DCC.HitDiceUsed": "Dado de Acerto Usado",
  "DCC.HitDiceWarn": "{name} não tem disponível {formula} Dado de Acerto restante!",
  "DCC.HitPoints": "Pontos de vida",
  "DCC.Identified": "Identificado",
  "DCC.Infravision": "Infravisão 60'",
  "DCC.InfravisionHalfling": "Infravisão 30'",
  "DCC.InfravisionLink": "Infravisão & Tochas",
  "DCC.InheritActionDie": "Dado de Ação herdado",
  "DCC.InheritCheckPenalty": "Penalidade de Teste Herdada",
  "DCC.InheritCritRange": "Alcance de Crítico Herdado",
  "DCC.InheritSpellCheck": "Jogada de Magia Herdada",
  "DCC.InheritTooltip": "Herdado do Ator. Veja Configuraçãod e Item.",
  "DCC.Init": "Inic",
  "DCC.Initiative": "Iniciativa",
  "DCC.InitiativeDie": "Dado de Iniciativa",
  "DCC.InitiativeNoCombatWarning": "Nenhum combate ativo!",
  "DCC.InitiativeNoCombatantWarning": "{name} não está no combate!",
  "DCC.InitiativeNoTokenWarning": "Nenhum token selecionado para rolar iniciativa!",
  "DCC.Inspiration": "Inspiração",
  "DCC.Inventory": "Inventário",
  "DCC.IronVulnerability": "Vunerabilidade ao Ferro",
  "DCC.ItemActionType": "Tipo de Ação",
  "DCC.ItemActivationCondition": "Condição de Ativação",
  "DCC.ItemActivationCost": "Custo da Ativação",
  "DCC.ItemAttackBonus": "Bônus da Jogada de Ataque",
  "DCC.ItemConfig": "Configuração do Item",
  "DCC.ItemConsumableActivation": "Ativação do Consumível",
  "DCC.ItemConsumableDetails": "Detalhes do Consumível",
  "DCC.ItemConsumableStatus": "Estado do Consumível",
  "DCC.ItemConsumableType": "Tipo do Consumível",
  "DCC.ItemConsumableUsage": "Uso do Consumível",
  "DCC.ItemContainerCapacity": "Capacidade",
  "DCC.ItemContainerCapacityItems": "Itens",
  "DCC.ItemContainerCapacityType": "Tipo de Capacidade",
  "DCC.ItemContainerCapacityWeight": "Peso",
  "DCC.ItemContainerDetails": "Detalhes do Conteúdo",
  "DCC.ItemContainerProperties": "Propriedades do Conteúdo",
  "DCC.ItemContainerWeightless": "Conteúdo sem peso",
  "DCC.ItemCreate": "Criar Item",
  "DCC.ItemDelete": "Deletar Item",
  "DCC.ItemDestroyEmpty": "Destruir ao Esvaziar",
  "DCC.ItemEdit": "Editar Item",
  "DCC.ItemEquipmentAction": "Ação do Equipamento",
  "DCC.ItemEquipmentDetails": "Detalhes do Equipamento",
  "DCC.ItemEquipmentDexMod": "Modificador Máx. de Destreza",
  "DCC.ItemEquipmentStatus": "Estado do Equipamento",
  "DCC.ItemEquipmentStealthDisav": "Impor Desvantagem de Furtividade",
  "DCC.ItemEquipmentType": "Tipo de Equipamento",
  "DCC.ItemEquipmentUsage": "Uso do Equipamento",
  "DCC.ItemName": "Nome do Item",
  "DCC.ItemNew": "Novo {type}",
  "DCC.ItemNoUses": "{name} não tem mais usos disponíveis.",
  "DCC.ItemPropertiesEquipped": "Equipado",
  "DCC.ItemRequiredStr": "Força Requerida",
  "DCC.ItemSummary": "Sumário",
  "DCC.ItemToolProficiency": "Proficiência de Ferramenta",
  "DCC.ItemTypeClass": "Classe",
  "DCC.ItemTypeClassPl": "Níveis de Classe",
  "DCC.ItemTypeConsumable": "Consumível",
  "DCC.ItemTypeConsumablePl": "Consumíveis",
  "DCC.ItemTypeContainer": "Conteúdo",
  "DCC.ItemTypeContainerPl": "Conteúdos",
  "DCC.ItemTypeEquipment": "Equipamento",
  "DCC.ItemTypeEquipmentPl": "Equipamento",
  "DCC.ItemTypeLoot": "Pilhagem",
  "DCC.ItemTypeLootPl": "Pilhagem",
  "DCC.ItemTypeSpell": "Magia",
  "DCC.ItemTypeSpellPl": "Magias",
  "DCC.ItemTypeTool": "Ferramenta",
  "DCC.ItemTypeToolPl": "Ferramentas",
  "DCC.ItemTypeWeapon": "Arma",
  "DCC.ItemTypeWeaponPl": "Armas",
  "DCC.ItemWeaponAttack": "Ataque da Arma",
  "DCC.ItemWeaponDetails": "Detalhes da Arma",
  "DCC.ItemWeaponProperties": "Propriedades da Arma",
  "DCC.ItemWeaponStatus": "Status da Arma",
  "DCC.ItemWeaponType": "Tipo de Arma",
  "DCC.ItemWeaponUsage": "Uso da Arma",
  "DCC.Languages": "Línguas",
  "DCC.LanguagesCommon": "Comum",
  "DCC.LanguagesDraconic": "Dracônico",
  "DCC.LanguagesDruidic": "Druídico",
  "DCC.LanguagesDwarvish": "Enânico",
  "DCC.LanguagesElvish": "Élfico",
  "DCC.LanguagesGiant": "Gigantês",
  "DCC.LanguagesGnoll": "Gnoll",
  "DCC.LanguagesGnomish": "Gnômico",
  "DCC.LanguagesGoblin": "Goblin",
  "DCC.LanguagesHalfling": "Halfling",
  "DCC.LanguagesOrc": "Órquico",
  "DCC.LanguagesThievesCant": "Ladrões Não Podem",
  "DCC.LayOnHands": "Toque de Cura",
  "DCC.Level": "Nível",
  "DCC.LimitedUses": "Usos Limitados",
  "DCC.LuckDie": "Dado de Sorte",
  "DCC.LuckSpend": "Gastou {luckSpend} Sorte",
  "DCC.Lucky": "Sorte",
  "DCC.LuckyWeapon": "Arma da Sorte",
  "DCC.MacroNoTokenSelected": "Você precisa selecionar um token para usar este macro.",
  "DCC.Max": "Máx",
  "DCC.MaxLevelConfig": "Nível Máximo",
  "DCC.MaxValue": "Máximo",
  "DCC.MeleeAttack": "Ataque<br/>Corpo a corpo",
  "DCC.MeleeDamage": "Dano<br/>Corpo a corpo",
  "DCC.MeleeWeapons": "Armas Corpo a corpo",
  "DCC.MercurialEffect": "Efeito Mercurial",
  "DCC.MercurialEffectSummary": "Sumário",
  "DCC.MercurialEffectValue": "Jogada",
  "DCC.MercurialMagicButtonCancel": "Cancelar",
  "DCC.MercurialMagicButtonLookup": "Olhar acima",
  "DCC.MercurialMagicButtonReroll": "Re-Jogar",
  "DCC.MercurialMagicRerollExplain": "Descartar Magia Mercurial anterior e re-jogar ou olhar acima baseado no número dado?",
  "DCC.MercurialMagicRerollPrompt": "Re-jogar ou Olhar acima a jogada de Magia Mercurial?",
  "DCC.MercurialMagicRoll": "Jogada de Magia Mercurial",
  "DCC.MightyDeedsHowToLink": "Como fazer Poderosos Atos",
  "DCC.MightyDeedsLink": "@Compendium[dcc-core-book.dcc-core-journals.1gcH2FKbeGbxWtIQ]{Mighty Deeds of Arms}",
  "DCC.MightyDeedsOfArms": "Poderosos Atos de Exércitos",
  "DCC.MigrationComplete": "Finalizou migração do Sistema DCC versão {systemVersion}!",
  "DCC.MigrationInfo": "Iniciando Sistema de migração DCC para versão {systemVersion}. Por favor seja paciente e não feche seu jogo ou desligue seu servidor.",
  "DCC.MigrationMessage": "Migrando {type} entidade {name}",
  "DCC.Modifier": "Modificador",
  "DCC.Mount": "Montaria",
  "DCC.Mounts": "Montarias",
  "DCC.Name": "Nome",
  "DCC.NewActorName": "Novo {type}",
  "DCC.No": "Não",
  "DCC.NoCharges": "Sem cargas",
  "DCC.NoFolder": "-",
  "DCC.None": "Nenhum",
  "DCC.Normal": "Normal",
  "DCC.Notes": "Anotações",
  "DCC.Occupation": "Ocupação",
  "DCC.OpposedAlignment": "Oposto",
  "DCC.OtherFormula": "Outra Fórmula",
  "DCC.OtherSpeeds": "Outras Movimentações",
  "DCC.ParseNPCWarning" : "Falhou ao ler PNJ/Mostro (esperando um ou mais Blocos de estatísticas de DCC)",
  "DCC.ParsePlayerWarning" : "Falhou ao ler personagem de jogador (esperando Texto Puro do Feiticeiro Esmeralda ou JSON)",
  "DCC.ParseSingleNPCWarning" : "Falhou ao ler um ou mais PNJ/Mostro (esperando um ou mais Blocos de estatísticas de DCC)",
  "DCC.ParseSinglePlayerWarning" : "Falhou ao ler um ou mais personagens de jogador do Texto Puro do Feiticeiro Esmeralda ",
  "DCC.PasteBlock": "Cole um Bloco de estatísticas para importar",
  "DCC.Patron": "Patrono",
  "DCC.Penalty": "Penalidade",
  "DCC.PickLock": "Abrir Fechaduras",
  "DCC.PickPockets": "Furtar Bolsos",
  "DCC.PlaceTemplate": "Place Measured Template",
  "DCC.Prepared": "Preparado",
  "DCC.Price": "Preço",
  "DCC.Proficiency": "Proficiência",
  "DCC.Proficient": "Proficiente",
  "DCC.PurpleSorcererPCLink": "Zero-níveis para Feiticeiro Esmeralda",
  "DCC.PurpleSorcererUpperLevelLink": "Níveis maiores para Feiticeiro´Esmeralda",
  "DCC.Quantity": "Quantidade",
  "DCC.Race": "Raça",
  "DCC.Range": "Alcance",
  "DCC.RangedWeapons": "Armas à Distância",
  "DCC.Rarity": "Raridade",
  "DCC.Reaction": "Reação",
  "DCC.ReadLanguages": "Decifrar Linguagens",
  "DCC.ReleaseNotesButton": "Notas de Lançamento",
  "DCC.ReleaseNotesHeader": "<p>Bem vindo ao Dungeon Crawl Classics para o Foundry VTT versão {version}.</p>",
  "DCC.ReleaseNotesMessage": "<p>Novas atribuições neste lançamento: <ul><li>Suporte a v10</li><li>Consertado o erro na aba de Magia Customizada de Haflings</li></ul></p>",
  "DCC.RemoveEmptyItems": "Remover itens vazios",
  "DCC.RemoveEmptyItemsInfo": "Remover itens com quantidade zero",
  "DCC.RequiredMaterials": "Materiais Requeridos",
  "DCC.ResolveValueEmote": "Rolar valor de {itemName}:<br/>{pp} Pl. {ep} Pe. {gp} Po. {sp} Pp. {cp} Pc.",
  "DCC.Roll": "Rolar",
  "DCC.RollDisapproval": "Rolar Desaprovação",
  "DCC.RollDisapprovalMacroName": "Rolar para Desaprovação",
  "DCC.RollExample": "ex: +1d4",
  "DCC.RollMode": "Modo de Rolagem",
  "DCC.RollModifierAddBonus": "+",
  "DCC.RollModifierAddDie": "+ <i class='fas fa-dice-d20'>&nbsp;</i>",
  "DCC.RollModifierCancel": "Cancelar",
  "DCC.RollModifierCheckPenaltyApply": "Aplicar",
  "DCC.RollModifierCheckPenaltyTerm": "Jogada de Penalidade",
  "DCC.RollModifierDieTerm": "Die",
  "DCC.RollModifierDisapprovalDieTerm": "Dado de Desaprovação",
  "DCC.RollModifierDownDiceChain": "-1D",
  "DCC.RollModifierFormula": "Fórmula",
  "DCC.RollModifierHitDice": "Dado de Acerto",
  "DCC.RollModifierLuckDieTerm": "Dado de Sorte",
  "DCC.RollModifierModifierTerm": "Modificador",
  "DCC.RollModifierReset": "Reiniciar",
  "DCC.RollModifierRoll": "Rolar",
  "DCC.RollModifierSpellburnTerm": "Queimaarcana",
  "DCC.RollModifierSubBonus": "-",
  "DCC.RollModifierSubDie": "- <i class='fas fa-dice-d20'>&nbsp;</i>",
  "DCC.RollModifierTitle": "Rolar Modificador",
  "DCC.RollModifierTitleCasting": "Conjurando {spell}",
  "DCC.RollModifierTitleInitiative": "Iniciativa",
  "DCC.RollModifierUpDiceChain": "+1D",
  "DCC.RollSituationalBonus": "Bônus Situacional?",
  "DCC.RollTreasureValue": "Rolar Valor do Tesouro",
  "DCC.RollUnder": "{name} (Rolar para baixo)",
  "DCC.SameAlignment": "Mesmo",
  "DCC.Save": "Salvar",
  "DCC.SaveItemConfig": "Salvar Configuração",
  "DCC.SaveSheetConfig": "Salvar Configuração",
  "DCC.SavesFortitude": "Fortitude",
  "DCC.SavesReflex": "Reflexos",
  "DCC.SavesWill": "Vontade",
  "DCC.SenseIV": "Infravisão",
  "DCC.SenseUS": "Habilidades Subterrâneas",
  "DCC.Senses": "Sentidos",
  "DCC.SettingAutomateClericDisapproval": "Desaprovação de Clérigo Automática",
  "DCC.SettingAutomateClericDisapprovalHint": "Automaticamente aplica aumento do alcance de desaprovação e rola os resultados da desaprovação para Clérigos. Aplica a habilidade de magia do Clérigo e ao Modo de Conjuração configurado para 'Clérigo'.",
  "DCC.SettingAutomateCombatModifier": "Automatiza os Modificadores de Combate",
  "DCC.SettingAutomateCombatModifierHint": "Automaticamente adiciona modificador de ataque de Força/Agilidade e modificador da rolagem de dano de Força",  
  "DCC.SettingAutomateFleetingLuck": "Automatiza Sorte Passageira",
  "DCC.SettingAutomateFleetingLuckHint": "Automaticamente rastreia Sorte Passageira baseada nos resultados ds rolagens",
  "DCC.SettingAutomateLuckyWeapon": "Automatiza Arma da Sorte do Guerreiro/Anão",
  "DCC.SettingAutomateLuckyWeaponHint": "Automaticamente adiciona modificador de sorte ao ataques da Arma da Sorte de Guerreiro/Anão",  
  "DCC.SettingAutomateTwoHandedWeaponInit": "Automatiza Rolagens de iniciativa com penalidades ao usar armas de duas mãos",
  "DCC.SettingAutomateTwoHandedWeaponInitHint": "Automaticamente configura d16 como rolagem de iniciativa ao usar armas de duas mãos",
  "DCC.SettingAutomateUntrainedAttack": "Automatiza ataqus usando armas não treinadas",
  "DCC.SettingAutomateUntrainedAttackHint": "Automaticaticamente aplica penalidade de -1D nos ataques usando arma não treinada",
  "DCC.SettingAutomateWarriorInitiative": "Automatiza Iniciativa do Guerreiro",
  "DCC.SettingAutomateWarriorInitiativeHint": "Automaticamente adiciona nível do Guerreiro ao valor da iniciativa",
  "DCC.SettingAutomateWizardSpellLoss": "Automatiza Perdad de Magia no Mago/Elfo",
  "DCC.SettingAutomateWizardSpellLossHint": "Automaticamente marca magias como perdidads quando uma conjuração falha. Aplica a Rolagem de Magia do Mago/Elfo e Modo de Conjuração de Magia para 'Mago'.",
  "DCC.SettingCriticalHitsCompendium": "Compêndio de Acertos Críticos",
  "DCC.SettingCriticalHitsCompendiumHint": "Compêndio para olhar nas tabelas de Acertos Críticos - o nome da tabela precisa iniciar com Crit Table XXX (onde XXX é a tabela do Ator)",
  "DCC.SettingDeleteItem": "Janela para Remover de Item",
  "DCC.SettingDeleteItemHint": "Pergunte para confirmação antes de deletar equipamento, magias, ou perícias customizadas das fichas de personagem.",
  "DCC.SettingDisapprovalTablesCompendium": "Compêndio de Tabelas de Desaprovação",
  "DCC.SettingDisapprovalTablesCompendiumHint": "Compêndio para olhar nas tabelas de Acertos Críticos. A tabela específica para usar e selecionar na ficha de Clérigo.",
  "DCC.SettingDivineAidTable": "Tabela de Ajuda Divina",
  "DCC.SettingDivineAidTableHint": "Rola Tabela para usar Ajuda Divina - Precisa estar no pacote de compêndio",
  "DCC.SettingEnableFleetingLuck": "Habilitar Sorte Passageira",
  "DCC.SettingEnableFleetingLuckHint": "Habilita interface com elementos de Sorte Passageira",
  "DCC.SettingFumbleTable": "Tabela de Falha Crítica",
  "DCC.SettingFumbleTableHint": "Rola tabela parar usar as falhas - Precisa estar no pacote de compêndio",
  "DCC.SettingLayOnHandsTable": "Tabela de Toque de Cura",
  "DCC.SettingLayOnHandsTableHint": "Rola tabela para uso de Toque de Cura - Precisa estar no pacote de compêndio",
  "DCC.SettingMercurialMagicTable": "Tabela de Magia Mercurial",
  "DCC.SettingMercurialMagicTableHint": "Rola Tabela para uso de efeitos de Magia Mercurial - Precisa estar no pacote de compêndio",
  "DCC.SettingShowRollModifierByDefault": "Mostrar Modificador da Rolagem por padrão",
  "DCC.SettingShowRollModifierByDefaultHint": "Inverte o comportamento do modificador de rolagem para aplicar o padrão a menos que a rolagem seja Clicada+Ctrl.",
  "DCC.SettingStandardDiceRoller": "Use cartões de chat padrão para rolagem de dados",
  "DCC.SettingStandardDiceRollerHint": "Use os cartões de rolagem padrões do Foundry para mostrar ataque, dano, crítico, e falhas ao invés de cartões customizados.",
  "DCC.SettingTurnUnholyTable": "Tabela de Espantar Hereges",
  "DCC.SettingTurnUnholyTableHint": "Rola Tabela para uso de Espantar Hereges - Precisa estar no pacote de compêndio",
  "DCC.SettingWeaponEquipmentCheck": "Checa se arma está equiapada",
  "DCC.SettingWeaponEquipmentCheckHint": "Checa se ara está equipada mostrando uma display da UI aparecendo e prevenindo rolagens",
  "DCC.SheetConfig": "Configuração da Ficha",
  "DCC.ShieldBash": "Pancada com Escudo",
  "DCC.ShowBackstabConfig": "Mostrar Ataque pelas costas",
  "DCC.ShowMaxAbilitiesConfig": "Mostrar Habílidades Máximas",
  "DCC.ShowMercurialEffectConfig": "Mostrar Efeito Mercurial",
  "DCC.ShowMercurialEffectInfo": "Mostrar seção de item em ficha com Efeito Mercurial independente de modo de conjuração",
  "DCC.ShowSkillsConfig": "Mostrar Aba de Perícias customizadas",
  "DCC.ShowSpellsConfig": "Mostrar Aba de Magias customizadas",
  "DCC.Size": "Tamanho",
  "DCC.SizeGargantuan": "Gargântua",
  "DCC.SizeHuge": "Enorme",
  "DCC.SizeLarge": "Grande",
  "DCC.SizeMedium": "Médio",
  "DCC.SizeSmall": "Pequeno",
  "DCC.SizeTiny": "Minúsculo",
  "DCC.Skill": "Perícia",
  "DCC.SkillAbility": "Habilidade",
  "DCC.SkillDie": "Dado",
  "DCC.SkillFreeform": "Forma livre",
  "DCC.SkillName": "Perícia",
  "DCC.SkillResult": "Resultado",
  "DCC.SkillShowLastResult": "Mostrar último resultado",
  "DCC.SkillSummary": "Sumário",
  "DCC.SkillUseAbility": "Usar Habilidade",
  "DCC.SkillUseDie": "Usar Dado",
  "DCC.SkillUseValue": "Usar Modificador",
  "DCC.SkillValue": "Modificador",
  "DCC.Skills": "Perícias",
  "DCC.Slots": "Espaços",
  "DCC.SneakAndHide": "Furtividade",
  "DCC.SneakSilently": "Andar em Silêncio",
  "DCC.SortInventory": "Organizar Inventário",
  "DCC.Source": "Fonte",
  "DCC.Special": "Especial",
  "DCC.SpecialTraits": "Talentos Especiais",
  "DCC.Speed": "Mov",
  "DCC.SpeedBase": "Movimentação Base",
  "DCC.SpeedPenalty": "Penalidade de mov.",
  "DCC.SpeedSpecial": "Movimentação Especial",
  "DCC.Spell": "Magia",
  "DCC.SpellAbility": "Conjuração",
  "DCC.SpellAdd": "Ad. Magia",
  "DCC.SpellCastUpcast": "Conjurar no Nível",
  "DCC.SpellCastingHeader": "Conjurar Magia",
  "DCC.SpellCastingMode": "Modo de Conjuração",
  "DCC.SpellCastingModeCleric": "Magia de Clérigo",
  "DCC.SpellCastingModeGeneric": "Genérica",
  "DCC.SpellCastingModeInfo": "Selecione entre Mago, Clérigo, e regras de conjuração Genérica",
  "DCC.SpellCastingModeWizard": "Magia de Mago",
  "DCC.SpellCastingTime": "Tempo de Conjuração",
  "DCC.SpellCheck": "Jogada de Conjuração",
  "DCC.SpellCheckCardMessage" : "Role um Teste de Magia.",
  "DCC.SpellCheckCrit" : "Crítico! Bônus de Nível x2.",
  "DCC.SpellCheckFumble" : "Falha Crítica! Usando resultado 1.",
  "DCC.SpellCheckNoOwnedItemWarning": "Não pode rolar um teste de Magia com uma magia que não possui.",
  "DCC.SpellCheckNonSpellWarning": "Não pode rolar um teste de magia com um item que não contém mágia.",
  "DCC.SpellCreate": "Criar Magia",
  "DCC.SpellDC": "CD da Magia",
  "DCC.SpellDetails": "Detahes da Magia",
  "DCC.SpellDuration": "Duração",
  "DCC.SpellEffects": "Efeitos da Magia",
  "DCC.SpellLevel": "Nível da Magia",
  "DCC.SpellLevel1": "1º Nível",
  "DCC.SpellLevel2": "2º Nível",
  "DCC.SpellLevel3": "3º Nível",
  "DCC.SpellLevel4": "4º Nível",
  "DCC.SpellLevel5": "5º Nível",
  "DCC.SpellLevel6": "6º Nível",
  "DCC.SpellLevelPact": "Pact Slot",
  "DCC.SpellLevelShort": "Nível",
  "DCC.SpellLost": "Perdido",
  "DCC.SpellLostMessage": "Perdeu a Magia!",
  "DCC.SpellLostMessageFormat": "Perdeu {spell}!",
  "DCC.SpellLostWarning": "Não poderá conjurar '{spell}' novamente neste dia!",
  "DCC.SpellMaterials": "Materiais de conjuração",
  "DCC.SpellName": "Nome da Magia",
  "DCC.SpellNone": "Nenhum",
  "DCC.SpellPage": "Página",
  "DCC.SpellPrepAlways": "Sempre Preparada",
  "DCC.SpellPrepPrepared": "Preparada",
  "DCC.SpellPreparationMode": "Modo de Preparação da Magia",
  "DCC.SpellPrepared": "Preparada",
  "DCC.SpellProgOverride": "Sobreescrever espaços",
  "DCC.SpellProgression": "Progressão de Magia",
  "DCC.SpellRange": "Alcance",
  "DCC.SpellResultCompendium": "Compêndio de Resultado",
  "DCC.SpellResultTable": "Tabela de Resultado",
  "DCC.SpellSave": "Teste",
  "DCC.SpellScroll": "Pergaminho de Magia",
  "DCC.SpellTarget": "Alvo da Magia",
  "DCC.SpellUnprepared": "Despreparado",
  "DCC.SpellUsage": "Uso da Magia",
  "DCC.Spellbook": "Grimório",
  "DCC.SpellcasterLevel": "Nível de Conjurador",
  "DCC.Spellcasting": "Conjuração",
  "DCC.Spells": "Magias",
  "DCC.StartingFunds": "Fundos iniciais",
  "DCC.SubclassName": "Nome da Subclasse",
  "DCC.Supply": "Fornecer",
  "DCC.TakeDamage": "Toma {damage} PV de dano.",
  "DCC.Target": "Alvo",
  "DCC.TargetAlly": "Aliado",
  "DCC.TargetCone": "Cone",
  "DCC.TargetCreature": "Criatura",
  "DCC.TargetCube": "Cubo",
  "DCC.TargetCylinder": "Cilindro",
  "DCC.TargetEnemy": "Inimigo",
  "DCC.TargetLine": "Linha",
  "DCC.TargetObject": "Objeto",
  "DCC.TargetRadius": "Radius",
  "DCC.TargetSelf": "Auto",
  "DCC.TargetSpace": "Espaço",
  "DCC.TargetSphere": "Esfera",
  "DCC.TargetSquare": "Quadrado",
  "DCC.TargetWall": "Parede",
  "DCC.Temp": "Temp",
  "DCC.Thief": "Ladrão",
  "DCC.ThiefClassLink": "@Compendium[dcc-core-book.dcc-core-journals.PvG0IMBvMR6fDFIZ]{Thief}",
  "DCC.TimeDay": "Dias",
  "DCC.TimeHour": "Horas",
  "DCC.TimeInst": "Instantâneo",
  "DCC.TimeMinute": "Minutos",
  "DCC.TimeMonth": "Meses",
  "DCC.TimePerm": "Permanente",
  "DCC.TimeRound": "Rodadas",
  "DCC.TimeTurn": "Turnos",
  "DCC.TimeYear": "Anos",
  "DCC.Title": "Título",
  "DCC.ToHit": "Para Acertar",
  "DCC.ToolThieves": "Ferramentas de Ladrão",
  "DCC.ToolVehicle": "Veículo (Terra ou Água)",
  "DCC.TradeGoods": "Trade Goods",
  "DCC.TraitArmorProf": "Proficência com Armadura",
  "DCC.TraitSelectorSpecial": "Especial (Dividir com ponto e vírgula)",
  "DCC.TraitToolProf": "Proficiência com Ferramenta",
  "DCC.TraitWeaponProf": "Proficência com Arma",
  "DCC.Treasure": "Tesouro",
  "DCC.TurnUnholy": "Espantar Hereges",
  "DCC.TwoWeaponFighting": "Lutar com duas armas",
  "DCC.Type": "Tipo",
  "DCC.UndergroundSkills": "Perícias do subterrâneo: farejar ouro/gemas, localizar contrução",
  "DCC.Unequipped": "Não Equipado",
  "DCC.Unknown" : "Desconhecido",
  "DCC.Unlimited": "Ilimitado",
  "DCC.Untrained": "Destreinado",
  "DCC.Usage": "Uso",
  "DCC.Use": "Usar",
  "DCC.UserGuideButton": "Guia de Usuário",
  "DCC.Uses": "Usos",
  "DCC.Versatile": "Versátil",
  "DCC.VersatileDamage": "Dano Versátil",
  "DCC.VsDC": "vs CD.",
  "DCC.Warrior": "Guerreiro",
  "DCC.WarriorClassLink": "@Compendium[dcc-core-book.dcc-core-journals.D58z5BuoH4g0cqPJ]{Warrior}",
  "DCC.WarriorLevel": "Nível de Guerreiro",
  "DCC.Weapon": "Arma",
  "DCC.WeaponImprov": "Improvisada",
  "DCC.WeaponNatural": "Natural",
  "DCC.WeaponNotFound" : "Incapaz de encontrar a arma com id '{id}'.",
  "DCC.WeaponPropertiesBackstab": "Ataque pelas costas",
  "DCC.WeaponPropertiesBackstabDamage": "Dano do ataque pelas costas",
  "DCC.WeaponPropertiesBackstabDamageTooltip": "Não é uma arma para ataque pelas costas.",
  "DCC.WeaponPropertiesCritOn": "Crít. Em",
  "DCC.WeaponPropertiesDamage": "Dano",
  "DCC.WeaponPropertiesMelee": "Corpo a corpo",
  "DCC.WeaponPropertiesRange": "Distância",
  "DCC.WeaponPropertiesRangeTooltip": "Não aplicável para arma corpo a corpo.",
  "DCC.WeaponPropertiesToHit": "Para Acertar",
  "DCC.WeaponPropertiesTrained": "Treinado",
  "DCC.WeaponPropertiesTwoHanded": "Duas mãos",
  "DCC.WeaponWarningUnequipped": "Não pode atacar com arma não equipada",
  "DCC.Weight": "Peso",
  "DCC.Wizard": "Mago",
  "DCC.WizardClassLink": "@Compendium[dcc-core-book.dcc-core-journals.nkMeeK9cZDYcvluD]{Wizard}",
  "DCC.WizardSpellLevel": "Nível da Magia",
  "DCC.WizardSpellName": "Nome da Magia",
  "DCC.WizardSpells": "Magias de Mago",
  "DCC.Yes": "Sim",
  "DCC.available": "disponível",
  "DCC.description": "A comprehensive game system for running games of Dungeon Crawl Classics in the Foundry VTT environment.",
  "DCC.of": "de",
  "DCC.spell": "magia",
  "DCC.title": "Dungeon Crawl Classics"
}