{
  "ACTOR.TypeNPC": "PNJ",
  "ACTOR.TypePlayer": "Jogador",

  "ITEM.TypeAmmunition": "Munição",
  "ITEM.TypeArmor": "Armadura",
  "ITEM.TypeEquipment": "Equipamento",
  "ITEM.TypeMount": "Montaria",
  "ITEM.TypeSkill": "Habilidade",
  "ITEM.TypeSpell": "Magia",
  "ITEM.TypeTreasure": "Tesouro",
  "ITEM.TypeWeapon": "Arma",

  "Dungeon Crawl Classics": "Dungeon Crawl Classics",
  "DCC.AC": "CA",
  "DCC.AbbreviationCR": "CR",
  "DCC.AbbreviationConc": "Conc.",
  "DCC.AbbreviationDC": "CD",
  "DCC.AbbreviationLR": "LR",
  "DCC.AbbreviationLbs": "lbs.",
  "DCC.AbbreviationLevel": "Nvl.",
  "DCC.AbbreviationSR": "SR",
  "DCC.Ability": "Habilidade",
  "DCC.AbilityAgl": "Agilidade",
  "DCC.AbilityAglShort": "Agi",
  "DCC.AbilityCheck": "Teste de Habilidade",
  "DCC.AbilityInt": "Inteligência",
  "DCC.AbilityIntShort": "Int",
  "DCC.AbilityLck": "Sorte",
  "DCC.AbilityLckShort": "Srt",
  "DCC.AbilityModifier": "Modificador de Habilidade",
  "DCC.AbilityPer": "Personalidade",
  "DCC.AbilityPerShort": "Por",
  "DCC.AbilityPromptText": "Que tipo de {ability} para o teste?",
  "DCC.AbilityPromptTitle": "Teste da Habilidade {ability}",
  "DCC.AbilitySta": "Vigor",
  "DCC.AbilityStaShort": "Vig",
  "DCC.AbilityStr": "Força",
  "DCC.AbilityStrShort": "For",
  "DCC.AbilityUseChargedHint": "Este {type} está carregado e pronto para uso!",
  "DCC.AbilityUseConsumableChargeHint": "Usando este {type} vai consumir 1 carga de {value} restante.",
  "DCC.AbilityUseConsumableDestroyHint": "Usando este {type} vai consumir a craga final e será destruído.",
  "DCC.AbilityUseConsumableQuantityHint": "Usando este {type} vai consumir 1 quantidade de {quantity} restantes.",
  "DCC.AbilityUseConsume": "Consumir Uso Disponível?",
  "DCC.AbilityUseHint": "Configure como gostaria de usar {name} {type}.",
  "DCC.AbilityUseNormalHint": "Este {type} tem {value} de {max} usos por {per} remanescentes.",
  "DCC.AbilityUseRechargedHint": "Este {type} está esgotado e deve ser recarregado!",
  "DCC.AbilityUseUnavailableHint": "Não há usos restante neste item!",
  "DCC.Action": "Ação",
  "DCC.ActionAbil": "Teste de Habilidade",
  "DCC.ActionDice": "Dado de Ação",
  "DCC.ActionDiceMacroName": "Dado de Ação ({die})",
  "DCC.ActionDie": "Dado de Ação",
  "DCC.ActionHeal": "Cura",
  "DCC.ActionMSAK": "Ataque de Magia Corpo a corpo",
  "DCC.ActionMWAK": "Ataque de Arma Corpo a corpo",
  "DCC.ActionOther": "Outro",
  "DCC.ActionPl": "Ações",
  "DCC.ActionRWAK": "Ataque de Arma à Distância",
  "DCC.ActionSave": "Jogada de Proteção",
  "DCC.ActionUtil": "Utility",
  "DCC.ActorImport": "Importat Ator(es)",
  "DCC.ActorImportConfirmationMessage": "Isto vai importar {number} atores. Tem certeza que vai continuar?",
  "DCC.ActorImportConfirmationPrompt": "Realmente importar {number} atores?",
  "DCC.ActorImportStatblock": "Bloco de estatística(s) ou linha de estatística(s)",
  "DCC.ActorType": "Tipo de Ator",
  "DCC.ActorTypeNPC": "Linha de estatística(s) do PNJ",
  "DCC.ActorTypePlayer": "Bloco de estatística(s) do Jogador",
  "DCC.Add": "Criar",
  "DCC.AddClassLevelToInitiative": "Adicionar Nível de Classe a Iniciativa",
  "DCC.AdjacentAlignment": "Adjacente",
  "DCC.Advantage": "Vantagem",
  "DCC.Alignment": "Alinhamento",
  "DCC.AlignmentC": "Caótico",
  "DCC.AlignmentL": "Ordeiro",
  "DCC.AlignmentN": "Neutro",
  "DCC.Ammunition": "Munição",
  "DCC.ApplyDisapprovalMacroName": "Aumentar Alcance da Desaprovação",
  "DCC.Armor": "Armadura",
  "DCC.ArmorClass": "Classe de Armadura",
  "DCC.ArmorPropertiesACBonus": "Bônus de CA",
  "DCC.ArmorPropertiesCheckPenalty": "Teste de Penalidade",
  "DCC.ArmorPropertiesFumbleDie": "Dado de Falha",
  "DCC.ArmorPropertiesSpeed": "Movimentação",
  "DCC.AsCoins": "Como Moedas",
  "DCC.Attack": "Ataque",
  "DCC.AttackBonus": "Bônus de Ataque",
  "DCC.AttackBonusConfigMode": "Modo Bônus de Ataque",
  "DCC.AttackBonusConfigModeAutoPerAttack": "Rolar Por Ataque",
  "DCC.AttackBonusConfigModeFlat": "Bônus Raso",
  "DCC.AttackBonusConfigModeInfo": "Escolha como e quando o Bônus de Ataque é rolado. Use @ab em Para Acerto ou Dano para o valor ou última jogada de ação.",
  "DCC.AttackBonusConfigModeManual": "Jogada Manual",
  "DCC.AttackBonusRollInvalidFormulaInline": "<b>Fórmula de Bônus de Ataque Inválida '{formula}'</b>",
  "DCC.AttackPl": "Ataques",
  "DCC.AttackRoll": "Rolar ataque com {weapon}",
  "DCC.AttackRollDeedEmoteSegment": " com jogada de açãowith deed roll of {deed}",
  "DCC.AttackRollEmote": "Attacks with their {weaponName} and hits AC {rollHTML}{deedRollHTML} for {damageRollHTML} points of damage!{crit}{fumble}",
  "DCC.AttackRollInvalidFormula": "Invalid To Hit formula {formula} with {weapon}",
  "DCC.AttackRollInvalidFormulaInline": "<b>Invalid To Hit formula '{formula}'</b>",
  "DCC.Attributes": "Atributos",
  "DCC.Attuned": "Attuned",
  "DCC.Avatar": "Avatar do usuário",
  "DCC.Background": "Background",
  "DCC.Backstab": "Ataque pelas costas",
  "DCC.BackstabEmote": "Backstabs with their {weaponName} and hits AC {rollHTML}{deedRollHTML} for {damageRollHTML} points of damage!{crit}{fumble}",
  "DCC.BackstabRoll": "Backstab Roll with {weapon}",
  "DCC.BackstabRollInvalidFormula": "Invalid Damage formula {formula} backstabbing with {weapon}",
  "DCC.BadValueFormulaWarning": "Fórmula errada no valor do campo do item!",
  "DCC.BaseACAbilityConfig": "CA Base da Habilidade",
  "DCC.Bio": "Bio",
  "DCC.Biography": "Biografia",
  "DCC.BirthAugur": "Augúrio",
  "DCC.Bonus": "Bônus",
  "DCC.BonusAbilityCheck": "Bônus Global Jogada de Habilidade",
  "DCC.BonusAbilitySave": "Bônus Global de Jogada de Proteção",
  "DCC.BonusAbilitySkill": "Bônus Global Jogada de Perícia",
  "DCC.BonusAction": "Ação Bônus",
  "DCC.BonusMWAttack": "Bônus de Ataque com Arma Corpo a corpo",
  "DCC.BonusMWDamage": "Bônus de Dano com Arma Corpo a corpo",
  "DCC.BonusRWAttack": "Bônus de Ataque com Arma à Distância",
  "DCC.BonusRWDamage": "Bônus de Dano com Arma à Distância",
  "DCC.BonusTitle": "Configurar Bônus do Ator",
  "DCC.Bonuses": "Bônus Global",
  "DCC.BonusesHint": "Define global bonuses as formulas which are added to certain rolls. For example: 1d4 + 2",
  "DCC.BonusesInstructions": "Configure character bonuses which are added to the appropriate dice roll",
  "DCC.Cancel": "Cancelar",
  "DCC.CapLevelConfig": "Cap Level",
  "DCC.CastSpellFromScroll": "Cast Spell From Scroll",
  "DCC.Character": "Personagem",
  "DCC.CharacterName": "Nome do Personagem",
  "DCC.CharacterPortrait": "Retrato do Personagem",
  "DCC.Charged": "Charged",
  "DCC.Charges": "Charges",
  "DCC.ChatContextDamage": "Aplicar Dano",
  "DCC.ChatContextHealing": "Aplicar Cura",
  "DCC.ChatFlavor": "Chat Message Flavor",
  "DCC.Check": "Teste",
  "DCC.CheckPenalty": "Check Penalty",
  "DCC.ClassLevels": "Class Levels",
  "DCC.ClassName": "Nome da Classe",
  "DCC.ClassSkillsChosen": "Perícias da Classe escolhidas",
  "DCC.ClassSkillsNumber": "Número de Perícias de Inicais",
  "DCC.Clear": "Limpar",
  "DCC.Cleric": "Clérigo",
  "DCC.ClericClassLink": "@Compendium[dcc-core-book.dcc-core-journals.YWdG6wpTrICWyrc1]{Cleric}",
  "DCC.ClericSpellLevel": "Nível de Magia",
  "DCC.ClericSpellName": "Nome da Magia",
  "DCC.ClericSpells": "Magias de Clérigo",
  "DCC.ClimbSheerSurfaces": "Climb Sheer Surfaces",
  "DCC.ComponentMaterial": "Material",
  "DCC.ComponentSomatic": "Somático",
  "DCC.ComponentVerbal": "Verbal",
  "DCC.ComputeACConfig": "Calcular CA",
  "DCC.ComputeCheckPenaltyConfig": "Calcular Jogada com Penalidade",
  "DCC.ComputeSpeedConfig": "Calcular Movimentação",
  "DCC.ConBlinded": "Cego",
  "DCC.ConCharmed": "Encantado",
  "DCC.ConDeafened": "Surdo",
  "DCC.ConDiseased": "Doente",
  "DCC.ConExhaustion": "Exausto",
  "DCC.ConFrightened": "Apavarado",
  "DCC.ConGrappled": "Agarrado",
  "DCC.ConImm": "Imunidades de condição",
  "DCC.ConIncapacitated": "Incapacitado",
  "DCC.ConInvisible": "Invisível",
  "DCC.ConParalyzed": "Paralisado",
  "DCC.ConPetrified": "Petrificado",
  "DCC.ConPoisoned": "Envenenado",
  "DCC.ConProne": "Derrubado",
  "DCC.ConRestrained": "Dominado",
  "DCC.ConStunned": "Atordoado",
  "DCC.ConUnconscious": "Inconsciente",
  "DCC.Concentration": "Concentração",
  "DCC.ConfigureItem": "Configuração",
  "DCC.ConfigureSheet": "Configuração",
  "DCC.ConsumableAmmunition": "Munição",
  "DCC.ConsumableFood": "Comida",
  "DCC.ConsumableLastChargeWarn": "Esta é a última carga desta unidade e consumindo isto também vai reduzir a quantidade do item em 1",
  "DCC.ConsumablePoison": "Veneno",
  "DCC.ConsumablePotion": "Poção",
  "DCC.ConsumableRod": "Cetro",
  "DCC.ConsumableScroll": "Pergaminho",
  "DCC.ConsumableTrinket": "Trinket",
  "DCC.ConsumableUnitWarn": "unidades restantes",
  "DCC.ConsumableUseWarnEnd": "de unidade atual",
  "DCC.ConsumableUseWarnStart": "Este consumível tem",
  "DCC.ConsumableWand": "Varinha",
  "DCC.ConsumableWithoutCharges": "unidades disponíveis para uso",
  "DCC.ConsumeAmmunition": "Munição",
  "DCC.ConsumeAttribute": "Atributo",
  "DCC.ConsumeCharges": "Usos do Item",
  "DCC.ConsumeMaterial": "Material",
  "DCC.ConsumeWarningNoQuantity": "{name} has run out of it's designated {type}!",
  "DCC.ConsumeWarningNoResource": "{name} is designated to consume {type} but no resource is specified!",
  "DCC.ConsumeWarningNoSource": "The designated {type} source that {name} consumes no longer exists!",
  "DCC.ConsumeWarningZeroAttribute": "{name} has run out of it's designated attribute resource pool!",
  "DCC.Consumed": "Consumido",
  "DCC.Corruptions": "Corrupções",
  "DCC.CostGP": "Custo (PO)",
  "DCC.CreditsButton" : "Créditos",
  "DCC.CritDie": "Dado Crítico",
  "DCC.CritRange": "Critical Threat Range",
  "DCC.CritTable": "Crit Table",
  "DCC.Critical": "Crítico",
  "DCC.CriticalHit": "Acerto Crítico",
  "DCC.Currency": "Valores",
  "DCC.CurrencyCP": "Cobre",
  "DCC.CurrencyConvert": "Converter Todos Valores",
  "DCC.CurrencyConvertHint": "Convert all carried currency to the highest possible denomination to reduce the amount of coinage carried by the character. Be wary, this action cannot be undone.",
  "DCC.CurrencyEP": "Eletrum",
  "DCC.CurrencyGP": "Ouro",
  "DCC.CurrencyPP": "Platina",
  "DCC.CurrencySP": "Prata",
  "DCC.CurrencyShortCP": "Pc.",
  "DCC.CurrencyShortEP": "Pe.",
  "DCC.CurrencyShortGP": "Po.",
  "DCC.CurrencyShortPP": "Pl.",
  "DCC.CurrencyShortSP": "Pp.",
  "DCC.DCCActorSheet": "Zero / PNJ",
  "DCC.DCCActorSheetCleric": "Clérigo",
  "DCC.DCCActorSheetDwarf": "Anão",
  "DCC.DCCActorSheetElf": "Elfo",
  "DCC.DCCActorSheetGeneric": "Ficha Genérica",
  "DCC.DCCActorSheetHalfling": "Halfling",
  "DCC.DCCActorSheetThief": "Ladrão",
  "DCC.DCCActorSheetWarrior": "Guerreiro",
  "DCC.DCCActorSheetWizard": "Mago",
  "DCC.DamImm": "Damage Immunities",
  "DCC.DamRes": "Damage Resistances",
  "DCC.DamVuln": "Damage Vulnerabilities",
  "DCC.Damage": "Dano",
  "DCC.DamageAcid": "Acid",
  "DCC.DamageBludgeoning": "Bludgeoning",
  "DCC.DamageCold": "Cold",
  "DCC.DamageDie": "Damage Die",
  "DCC.DamageFire": "Fire",
  "DCC.DamageLightning": "Lightning",
  "DCC.DamageModifier": "Damage Modifier",
  "DCC.DamagePiercing": "Piercing",
  "DCC.DamagePoison": "Poison",
  "DCC.DamageRoll": "Damage Roll for {weapon}",
  "DCC.DamageRollInvalidFormula": "Invalid Damage formula {formula} with {weapon}",
  "DCC.DamageRollInvalidFormulaInline": "<b>Invalid Damage formula '{formula}'</b>",
  "DCC.DamageSlashing": "Slashing",
  "DCC.DamageSpecial": "Dano Especial",
  "DCC.Day": "Day",
  "DCC.DeedDie": "Deed Die",
  "DCC.DeedRoll": "Roll Deed Die",
  "DCC.DeedRollTitle": "Last Rolled Attack Bonus (@ab)",
  "DCC.DeedRollValue": "Deed Roll",
  "DCC.DefaultAbilityCheck": "Default Ability Check",
  "DCC.Deity": "Deity",
  "DCC.DeleteItem": "Delete this item from the sheet?",
  "DCC.DeleteItemExplain": "This will remove the item and cannot be undone.",
  "DCC.Description": "Description",
  "DCC.Details": "Details",
  "DCC.DisableTrap": "Disable Trap",
  "DCC.Disadvantage": "Disadvantage",
  "DCC.DisapprovalFormulaWarning": "Invalid roll formula for disapproval '{formula}'.",
  "DCC.DisapprovalGained": "Disapproval Range increased to {range}",
  "DCC.DisapprovalRange": "Disapproval Range",
  "DCC.DisapprovalRoll": "Disapproval Roll",
  "DCC.DisapprovalRollFormula": "Disapproval Roll",
  "DCC.DisapprovalTable": "Disapproval Table",
  "DCC.DisguiseSelf": "Disguise Self",
  "DCC.DistAny": "Any",
  "DCC.DistFt": "Feet",
  "DCC.DistMi": "Miles",
  "DCC.DistSelf": "Self",
  "DCC.DistTouch": "Touch",
  "DCC.DivineAid": "Divine Aid",
  "DCC.Duration": "Duração",
  "DCC.Dwarf": "Anão",
  "DCC.DwarfClassLink": "@Compendium[dcc-core-book.dcc-core-journals.HI3c5IBGeIyvvUQC]{Dwarf}",
  "DCC.Elf": "Elf",
  "DCC.ElfClassLink": "@Compendium[dcc-core-book.dcc-core-journals.vycwtEPfYdeQARUR]{Elf}",
  "DCC.ElfImmunities": "Immune to magical sleep and paralysis",
  "DCC.ElfLuckMod": "Luck modifier to one level 1 spell",
  "DCC.ElfSpells": "Elf Spells",
  "DCC.Equipment": "Equipamento",
  "DCC.EquipmentBonus": "Bônus Mágico",
  "DCC.EquipmentClothing": "Roupas",
  "DCC.EquipmentHeavy": "Armadura Pesada",
  "DCC.EquipmentLight": "Armadura Leve",
  "DCC.EquipmentMedium": "Armadura Média",
  "DCC.EquipmentNatural": "Armadura Natural",
  "DCC.EquipmentShield": "Escudo",
  "DCC.EquipmentShieldProficiency": "Escudos",
  "DCC.Equipped": "Equipado",
  "DCC.Exhaustion": "Exaustão",
  "DCC.Experience": "Experiência",
  "DCC.Expertise": "Expertise",
  "DCC.Familiar": "Familiar",
  "DCC.FeatureActionRecharge": "Ação de recargaAction Recharge",
  "DCC.FeatureActive": "Active Abilities",
  "DCC.FeatureAdd": "Create Feature",
  "DCC.FeatureAttack": "Feature Attack",
  "DCC.FeaturePassive": "Passive Abilities",
  "DCC.FeatureRechargeOn": "Recharge On",
  "DCC.FeatureRechargeResult": "1d6 Result",
  "DCC.FeatureUsage": "Feature Usage",
  "DCC.Features": "Features",
  "DCC.Filter": "Filter",
  "DCC.FindTrap": "Find Trap",
  "DCC.FlagsSave": "Update Special Traits",
  "DCC.FlagsTitle": "Configure Special Traits",
  "DCC.FleetingLuck": "Fleeting Luck",
  "DCC.FleetingLuckClearButton": "Take All",
  "DCC.FleetingLuckClearButtonTitle": "Take all Fleeting Luck from all users.",
  "DCC.FleetingLuckClearMessage": "All Fleeting Luck lost!",
  "DCC.FleetingLuckClearTitle": "Take all Fleeting Luck from this user.",
  "DCC.FleetingLuckAllPlayers": "All Players",
  "DCC.FleetingLuckFilterButtonTitle": "Filter Other Users",
  "DCC.FleetingLuckGive": "Award Fleeting Luck",
  "DCC.FleetingLuckGiveTitle": "Award a point of Fleeting Luck to this user.",
  "DCC.FleetingLuckGiveMessage": "{user} gained {amount} Fleeting Luck.",
  "DCC.FleetingLuckResetButton": "Reset All",
  "DCC.FleetingLuckResetButtonTitle": "Reset Fleeting Luck for a new session.",
  "DCC.FleetingLuckResetMessage": "Fleeting Luck reset for all users.",
  "DCC.FleetingLuckSpendButton": "Spend",
  "DCC.FleetingLuckSpendTitle": "Spend Fleeing Luck for this user.",
  "DCC.FleetingLuckSpendButtonTitle": "Spend Fleeing Luck.",
  "DCC.FleetingLuckSpendMessage": "{user} spent {amount} Fleeting Luck",
  "DCC.FleetingLuckSpendNoLuckWarning": "{user} has no Fleeting Luck to spend.",
  "DCC.FleetingLuckTake": "Take Fleeting Luck",
  "DCC.FleetingLuckTakeTitle": "Take a point of Fleeting Luck from this user.",
  "DCC.FleetingLuckTakeMessage": "{user} lost {amount} Fleeting Luck.",
  "DCC.FleetingLuckTerm": "Fleeting Luck Amount",
  "DCC.Folder": "Diretório",
  "DCC.ForgeDocument": "Forjar Documento",
  "DCC.Formula": "Formula",
  "DCC.Fumble": "Falha",
  "DCC.FumbleDie": "Dado de Falha",
  "DCC.Funds": "Fundos",
  "DCC.Generic": "Genérico",
  "DCC.GrantedAbilities": "Habilidades Garantidas",
  "DCC.HD": "DV",
  "DCC.HP": "PV",
  "DCC.Halfling": "Halfling",
  "DCC.HalflingClassLink": "@Compendium[dcc-core-book.dcc-core-journals.ncyQ7HTHggukmeBJ]{Halfling}",
  "DCC.HalflingTwoWeaponActionDie": "Action dice d16+d16",
  "DCC.HalflingTwoWeaponCrit": "Crit on nat 16",
  "DCC.HalflingTwoWeaponFumble": "Fumble only on double 1",
  "DCC.HalflingTwoWeaponHighAg": "If Agi > 16 use normal rules",
  "DCC.HandlePoison": "Handle Poison",
  "DCC.HealDamage": "Healed for {damage} HP.",
  "DCC.Healing": "Healing",
  "DCC.Health": "Health",
  "DCC.HealthFormula": "Health Formula",
  "DCC.HeightenedSenses": "Find Secret Doors",
  "DCC.HeightenedSensesDescription": "+4 to Find Secret Doors (Int)",
  "DCC.HideInShadows": "Hide in Shadows",
  "DCC.HitBonus": "Hit Bonus",
  "DCC.HitDice": "Hit Dice",
  "DCC.HitDiceRoll": "Roll Hit Dice",
  "DCC.HitDiceUsed": "Hit Dice Used",
  "DCC.HitDiceWarn": "{name} has no available {formula} Hit Dice remaining!",
  "DCC.HitPoints": "Pontos de vida",
  "DCC.Identified": "Identificado",
  "DCC.Infravision": "Infravisão 60'",
  "DCC.InfravisionHalfling": "Infravisão 30'",
  "DCC.InfravisionLink": "Infravisão & Tochas",
  "DCC.InheritActionDie": "Inherit Action Die",
  "DCC.InheritCheckPenalty": "Inherit Check Penalty",
  "DCC.InheritCritRange": "Inherit Crit Range",
  "DCC.InheritSpellCheck": "Inherit Spell Check",
  "DCC.InheritTooltip": "Inherited from Actor. See Item Config.",
  "DCC.Init": "Inic",
  "DCC.Initiative": "Iniciativa",
  "DCC.InitiativeDie": "Dado de Iniciativa",
  "DCC.InitiativeNoCombatWarning": "Nenhum combate ativo!",
  "DCC.InitiativeNoCombatantWarning": "{name} is not in the combat tracker!",
  "DCC.InitiativeNoTokenWarning": "No token selected to roll initiative!",
  "DCC.Inspiration": "Inspiração",
  "DCC.Inventory": "Inventário",
  "DCC.IronVulnerability": "Iron Vulnerability",
  "DCC.ItemActionType": "Tipo de Ação",
  "DCC.ItemActivationCondition": "Activation Condition",
  "DCC.ItemActivationCost": "Activation Cost",
  "DCC.ItemAttackBonus": "Attack Roll Bonus",
  "DCC.ItemConfig": "Configuração do Item",
  "DCC.ItemConsumableActivation": "Consumable Activation",
  "DCC.ItemConsumableDetails": "Consumable Details",
  "DCC.ItemConsumableStatus": "Consumable Status",
  "DCC.ItemConsumableType": "Consumable Type",
  "DCC.ItemConsumableUsage": "Consumable Usage",
  "DCC.ItemContainerCapacity": "Capacidade",
  "DCC.ItemContainerCapacityItems": "Itens",
  "DCC.ItemContainerCapacityType": "Tipo de Capacidade",
  "DCC.ItemContainerCapacityWeight": "Peso",
  "DCC.ItemContainerDetails": "Container Details",
  "DCC.ItemContainerProperties": "Container Properties",
  "DCC.ItemContainerWeightless": "Weightless Contents",
  "DCC.ItemCreate": "Criar Item",
  "DCC.ItemDelete": "Deletar Item",
  "DCC.ItemDestroyEmpty": "Destroy on Empty",
  "DCC.ItemEdit": "Editar Item",
  "DCC.ItemEquipmentAction": "Equipment Action",
  "DCC.ItemEquipmentDetails": "Equipment Details",
  "DCC.ItemEquipmentDexMod": "Max. Dexterity Modifier",
  "DCC.ItemEquipmentStatus": "Equipment Status",
  "DCC.ItemEquipmentStealthDisav": "Imposes Stealth Disadvantage",
  "DCC.ItemEquipmentType": "Tipo de Equipamento",
  "DCC.ItemEquipmentUsage": "Uso do Equipamento",
  "DCC.ItemName": "Nome do Item",
  "DCC.ItemNew": "Novo {type}",
  "DCC.ItemNoUses": "{name} has no available uses remaining.",
  "DCC.ItemPropertiesEquipped": "Equipado",
  "DCC.ItemRequiredStr": "Required Strength",
  "DCC.ItemSummary": "Sumário",
  "DCC.ItemToolProficiency": "Tool Proficiency",
  "DCC.ItemTypeClass": "Classe",
  "DCC.ItemTypeClassPl": "Níveis de Classe",
  "DCC.ItemTypeConsumable": "Consumível",
  "DCC.ItemTypeConsumablePl": "Consumíveis",
  "DCC.ItemTypeContainer": "Container",
  "DCC.ItemTypeContainerPl": "Containers",
  "DCC.ItemTypeEquipment": "Equipamento",
  "DCC.ItemTypeEquipmentPl": "Equipamento",
  "DCC.ItemTypeLoot": "Pilhagem",
  "DCC.ItemTypeLootPl": "Pilhagem",
  "DCC.ItemTypeSpell": "Magia",
  "DCC.ItemTypeSpellPl": "Magias",
  "DCC.ItemTypeTool": "Ferramenta",
  "DCC.ItemTypeToolPl": "Ferramentas",
  "DCC.ItemTypeWeapon": "Arma",
  "DCC.ItemTypeWeaponPl": "Armas",
  "DCC.ItemWeaponAttack": "Ataque da Arma",
  "DCC.ItemWeaponDetails": "Detalhes da Arma",
  "DCC.ItemWeaponProperties": "Propriedades da Arma",
  "DCC.ItemWeaponStatus": "Status da Arma",
  "DCC.ItemWeaponType": "Tipo de Arma",
  "DCC.ItemWeaponUsage": "Uso da Arma",
  "DCC.Languages": "Línguas",
  "DCC.LanguagesCommon": "Comum",
  "DCC.LanguagesDraconic": "Dracônico",
  "DCC.LanguagesDruidic": "Druídico",
  "DCC.LanguagesDwarvish": "Enânico",
  "DCC.LanguagesElvish": "Élfico",
  "DCC.LanguagesGiant": "Gigantês",
  "DCC.LanguagesGnoll": "Gnoll",
  "DCC.LanguagesGnomish": "Gnômico",
  "DCC.LanguagesGoblin": "Goblin",
  "DCC.LanguagesHalfling": "Halfling",
  "DCC.LanguagesOrc": "Órquico",
  "DCC.LanguagesThievesCant": "Thieves' Cant",
  "DCC.LayOnHands": "Toque de Cura",
  "DCC.Level": "Nível",
  "DCC.LimitedUses": "Limited Uses",
  "DCC.LuckDie": "Luck Die",
  "DCC.LuckSpend": "Spent {luckSpend} Luck",
  "DCC.Lucky": "Sorte",
  "DCC.LuckyWeapon": "Lucky Weapon",
  "DCC.MacroNoTokenSelected": "You must select a token to run this macro.",
  "DCC.Max": "Máx",
  "DCC.MaxLevelConfig": "Nível Máximo",
  "DCC.MaxValue": "Máximo",
  "DCC.MeleeAttack": "Ataque<br/>Corpo a corpo",
  "DCC.MeleeDamage": "Dano<br/>Corpo a corpo",
  "DCC.MeleeWeapons": "Armas Corpo a corpo",
  "DCC.MercurialEffect": "Efeito Mercurial",
  "DCC.MercurialEffectSummary": "Sumário",
  "DCC.MercurialEffectValue": "Jogada",
  "DCC.MercurialMagicButtonCancel": "Cancelar",
  "DCC.MercurialMagicButtonLookup": "Look Up",
  "DCC.MercurialMagicButtonReroll": "Re-Roll",
  "DCC.MercurialMagicRerollExplain": "Discard previous Mercurial Magic result and re-roll or look up based on entered number?",
  "DCC.MercurialMagicRerollPrompt": "Re-jogar ou Lookup Mercurial Magic Roll?",
  "DCC.MercurialMagicRoll": "Jogada de Magia Mercurial",
  "DCC.MightyDeedsHowToLink": "Mighty Deeds How-To",
  "DCC.MightyDeedsLink": "@Compendium[dcc-core-book.dcc-core-journals.1gcH2FKbeGbxWtIQ]{Mighty Deeds of Arms}",
  "DCC.MightyDeedsOfArms": "Mighty Deeds of Arms",
  "DCC.MigrationComplete": "Finished migration to DCC System version {systemVersion}!",
  "DCC.MigrationInfo": "Beginning DCC System Migration to version {systemVersion}. Please be patient and do not close your game or shut down your server.",
  "DCC.MigrationMessage": "Migrando {type} entidade {name}",
  "DCC.Modifier": "Modificador",
  "DCC.Mount": "Montaria",
  "DCC.Mounts": "Montarias",
  "DCC.Name": "Nome",
  "DCC.NewActorName": "Novo {type}",
  "DCC.No": "Não",
  "DCC.NoCharges": "Sem cargas",
  "DCC.NoFolder": "-",
  "DCC.None": "Nenhum",
  "DCC.Normal": "Normal",
  "DCC.Notes": "Anotações",
  "DCC.Occupation": "Ocupação",
  "DCC.OpposedAlignment": "Opposed",
  "DCC.OtherFormula": "Outra Fórmula",
  "DCC.OtherSpeeds": "Other Speeds",
  "DCC.ParseNPCWarning" : "Failed to read NPCs/monsters (expecting one or more DCC statblocks)",
  "DCC.ParsePlayerWarning" : "Failed to read player characters (expecting Purple Sorcerer Plain Text or JSON)",
  "DCC.ParseSingleNPCWarning" : "Failed to read one or more NPC/monster (expecting one or more DCC statblocks)",
  "DCC.ParseSinglePlayerWarning" : "Failed to read one or more player characters from Purple Sorcerer Plain Text ",
  "DCC.PasteBlock": "Paste In A Stat Block to Import",
  "DCC.Patron": "Patrono",
  "DCC.Penalty": "Penalidade",
  "DCC.PickLock": "Pick Lock",
  "DCC.PickPockets": "Pick Pockets",
  "DCC.PlaceTemplate": "Place Measured Template",
  "DCC.Prepared": "Preparado",
  "DCC.Price": "Preço",
  "DCC.Proficiency": "Proficiência",
  "DCC.Proficient": "Proficiente",
  "DCC.PurpleSorcererPCLink": "Zero-Levels from Purple Sorcerer",
  "DCC.PurpleSorcererUpperLevelLink": "Upper Levels from Purple Sorcerer",
  "DCC.Quantity": "Quantidade",
  "DCC.Race": "Raça",
  "DCC.Range": "Alcance",
  "DCC.RangedWeapons": "Armas à Distância",
  "DCC.Rarity": "Raridade",
  "DCC.Reaction": "Reação",
  "DCC.ReadLanguages": "Ler Idiomas",
  "DCC.ReleaseNotesButton": "Release Notes",
  "DCC.ReleaseNotesHeader": "<p>Welcome to Dungeon Crawl Classics for Foundry VTT version {version}.</p>",
  "DCC.ReleaseNotesMessage": "<p>New features in this release: <ul><li>v10 Support</li><li>Fix missing Custom Spells tab for Halflings</li></ul></p>",
  "DCC.RemoveEmptyItems": "Remover itens vazios",
  "DCC.RemoveEmptyItemsInfo": "Remover itens com quantidade zero",
  "DCC.RequiredMaterials": "Materiais Requeridos",
  "DCC.ResolveValueEmote": "Rolled value of {itemName}:<br/>{pp} Pp. {ep} Ep. {gp} Gp. {sp} Sp. {cp} Cp.",
  "DCC.Roll": "Roll",
  "DCC.RollDisapproval": "Roll Disapproval",
  "DCC.RollDisapprovalMacroName": "Roll for Disapproval",
  "DCC.RollExample": "ex: +1d4",
  "DCC.RollMode": "Roll Mode",
  "DCC.RollModifierAddBonus": "+",
  "DCC.RollModifierAddDie": "+ <i class='fas fa-dice-d20'>&nbsp;</i>",
  "DCC.RollModifierCancel": "Cancelar",
  "DCC.RollModifierCheckPenaltyApply": "Aplicar",
  "DCC.RollModifierCheckPenaltyTerm": "Check Penalty",
  "DCC.RollModifierDieTerm": "Die",
  "DCC.RollModifierDisapprovalDieTerm": "Disapproval Die",
  "DCC.RollModifierDownDiceChain": "-1D",
  "DCC.RollModifierFormula": "Fórmula",
  "DCC.RollModifierHitDice": "Hit Dice",
  "DCC.RollModifierLuckDieTerm": "Luck Die",
  "DCC.RollModifierModifierTerm": "Modifier",
  "DCC.RollModifierReset": "Reset",
  "DCC.RollModifierRoll": "Roll",
  "DCC.RollModifierSpellburnTerm": "Spellburn",
  "DCC.RollModifierSubBonus": "-",
  "DCC.RollModifierSubDie": "- <i class='fas fa-dice-d20'>&nbsp;</i>",
  "DCC.RollModifierTitle": "Roll Modifier",
  "DCC.RollModifierTitleCasting": "Casting {spell}",
  "DCC.RollModifierTitleInitiative": "Initiative",
  "DCC.RollModifierUpDiceChain": "+1D",
  "DCC.RollSituationalBonus": "Situational Bonus?",
  "DCC.RollTreasureValue": "Roll Treasure Value",
  "DCC.RollUnder": "{name} (Roll Under)",
  "DCC.SameAlignment": "Same",
  "DCC.Save": "Save",
  "DCC.SaveItemConfig": "Save Config",
  "DCC.SaveSheetConfig": "Save Config",
  "DCC.SavesFortitude": "Fortitude",
  "DCC.SavesReflex": "Reflexos",
  "DCC.SavesWill": "Vontade",
  "DCC.SenseIV": "Infravisão",
  "DCC.SenseUS": "Underground Skills",
  "DCC.Senses": "Senses",
  "DCC.SettingAutomateClericDisapproval": "Automate Cleric Disapproval",
  "DCC.SettingAutomateClericDisapprovalHint": "Automatically apply disapproval range increases and roll disapproval results for Clerics. Applies to the Cleric's spell-like abilities and to spells with Casting Mode set to 'Cleric'.",
  "DCC.SettingAutomateCombatModifier": "Automate Combat Modifiers",
  "DCC.SettingAutomateCombatModifierHint": "Automatically add Strength/Agility modifier to attack and Strength modifier to damage rolls",  
  "DCC.SettingAutomateFleetingLuck": "Automate Fleeting Luck",
  "DCC.SettingAutomateFleetingLuckHint": "Automatically track Fleeting Luck based on roll results",
  "DCC.SettingAutomateLuckyWeapon": "Automate Warrior/Dwarf Lucky Weapon",
  "DCC.SettingAutomateLuckyWeaponHint": "Automatically add warrior/dwarf luck modifier to attack rolls lucky weapon",  
  "DCC.SettingAutomateTwoHandedWeaponInit": "Automate initiative roll die penalty using two-handed weapon",
  "DCC.SettingAutomateTwoHandedWeaponInitHint": "Automatically set d16 as initiative roll die using two-handed weapon",
  "DCC.SettingAutomateUntrainedAttack": "Automate attack using untrained weapon",
  "DCC.SettingAutomateUntrainedAttackHint": "Automatically applies -1D penalty on attack using untrained weapon",
  "DCC.SettingAutomateWarriorInitiative": "Automate Warrior's Initiative",
  "DCC.SettingAutomateWarriorInitiativeHint": "Automatically add warrior's level to the initiative value",
  "DCC.SettingAutomateWizardSpellLoss": "Automate Wizard/Elf Spell Loss",
  "DCC.SettingAutomateWizardSpellLossHint": "Automatically mark spells as lost when a casting fails. Applies to the Wizard/Elf Spell Check button and spells with Casting Mode set to 'Wizard'.",
  "DCC.SettingCriticalHitsCompendium": "Critical Hits Compendium",
  "DCC.SettingCriticalHitsCompendiumHint": "Compendium to look in for critical hit tables - table name must start with Crit Table XXX (where XXX is the actor's crit table)",
  "DCC.SettingDeleteItem": "Prompt for Item Deletion",
  "DCC.SettingDeleteItemHint": "Ask for confirmation before deleting equipment, spells, or custom skills from character sheets.",
  "DCC.SettingDisapprovalTablesCompendium": "Disapproval Tables Compendium",
  "DCC.SettingDisapprovalTablesCompendiumHint": "Compendium to look in for critical hit tables. The specific table to use is selectable from the Cleric sheet.",
  "DCC.SettingDivineAidTable": "Divine Aid Table",
  "DCC.SettingDivineAidTableHint": "Roll Table to use for Divine Aid - must be in a compendium pack",
  "DCC.SettingEnableFleetingLuck": "Enable Fleeting Luck",
  "DCC.SettingEnableFleetingLuckHint": "Enable Fleeting Luck user interface elements",
  "DCC.SettingFumbleTable": "Fumble Table",
  "DCC.SettingFumbleTableHint": "Roll Table to use for fumbles - must be in a compendium pack",
  "DCC.SettingLayOnHandsTable": "Lay On Hands Table",
  "DCC.SettingLayOnHandsTableHint": "Roll Table to use for Lay On Hands - must be in a compendium pack",
  "DCC.SettingMercurialMagicTable": "Mercurial Magic Table",
  "DCC.SettingMercurialMagicTableHint": "Roll Table to use for Mercurial Magic effects - must be in a compendium pack",
  "DCC.SettingShowRollModifierByDefault": "Show Roll Modifier by default",
  "DCC.SettingShowRollModifierByDefaultHint": "Invert the Roll Modifier behaviour to apply by default unless the rollable is Ctrl+Clicked.",
  "DCC.SettingStandardDiceRoller": "Use standard chat cards for dice rolls",
  "DCC.SettingStandardDiceRollerHint": "Use Foundry's standard cards to display attack, damage, crit, and fumble rolls instead of the custom card.",
  "DCC.SettingTurnUnholyTable": "Turn Unholy Table",
  "DCC.SettingTurnUnholyTableHint": "Roll Table to use for Turn Unholy - must be in a compendium pack",
  "DCC.SettingWeaponEquipmentCheck": "Check weapon is equipped",
  "DCC.SettingWeaponEquipmentCheckHint": "Check weapon is equipped if not UI warning diplay appears and prevent rolls",
  "DCC.SheetConfig": "Sheet Configuration",
  "DCC.ShieldBash": "Shield Bash",
  "DCC.ShowBackstabConfig": "Mostrar Ataque pelas costas",
  "DCC.ShowMaxAbilitiesConfig": "Show Max Abilities",
  "DCC.ShowMercurialEffectConfig": "Show Mercurial Effect",
  "DCC.ShowMercurialEffectInfo": "Show the Mercurial Effect section of the item sheet regardless of casting mode",
  "DCC.ShowSkillsConfig": "Show Custom Skills Tab",
  "DCC.ShowSpellsConfig": "Show Custom Spells Tab",
  "DCC.Size": "Tamanho",
  "DCC.SizeGargantuan": "Gargântua",
  "DCC.SizeHuge": "Enorme",
  "DCC.SizeLarge": "Grande",
  "DCC.SizeMedium": "Médio",
  "DCC.SizeSmall": "Pequeno",
  "DCC.SizeTiny": "Minúsculo",
  "DCC.Skill": "Perícia",
  "DCC.SkillAbility": "Habilidade",
  "DCC.SkillDie": "Dado",
  "DCC.SkillFreeform": "Freeform",
  "DCC.SkillName": "Perícia",
  "DCC.SkillResult": "Resultado",
  "DCC.SkillShowLastResult": "Show Last Result",
  "DCC.SkillSummary": "Sumário",
  "DCC.SkillUseAbility": "Usar Habilidade",
  "DCC.SkillUseDie": "Usar Dado",
  "DCC.SkillUseValue": "Usar Modificador",
  "DCC.SkillValue": "Modificador",
  "DCC.Skills": "Perícias",
  "DCC.Slots": "Slots",
  "DCC.SneakAndHide": "Sneak and Hide",
  "DCC.SneakSilently": "Sneak Silently",
  "DCC.SortInventory": "Organizar Inventário",
  "DCC.Source": "Fonte",
  "DCC.Special": "Especial",
  "DCC.SpecialTraits": "Special Traits",
  "DCC.Speed": "Mov",
  "DCC.SpeedBase": "Movimentação Base",
  "DCC.SpeedPenalty": "Penalidade de mov.",
  "DCC.SpeedSpecial": "Movimentação Especial",
  "DCC.Spell": "Magia",
  "DCC.SpellAbility": "Conjuração",
  "DCC.SpellAdd": "Ad. Magia",
  "DCC.SpellCastUpcast": "Cast at Level",
  "DCC.SpellCastingHeader": "Spell Casting",
  "DCC.SpellCastingMode": "Casting Mode",
  "DCC.SpellCastingModeCleric": "Cleric Spell",
  "DCC.SpellCastingModeGeneric": "Generic",
  "DCC.SpellCastingModeInfo": "Select between Wizard, Cleric, and Generic casting rules",
  "DCC.SpellCastingModeWizard": "Wizard Spell",
  "DCC.SpellCastingTime": "Tempo de Conjuração",
  "DCC.SpellCheck": "Jogada de Conjuração",
  "DCC.SpellCheckCardMessage" : "Rolls a Spell Check.",
  "DCC.SpellCheckCrit" : "Crit! Level bonus x2.",
  "DCC.SpellCheckFumble" : "Fumble! Using result 1.",
  "DCC.SpellCheckNoOwnedItemWarning": "Cannot roll a spell check with a spell you don't own.",
  "DCC.SpellCheckNonSpellWarning": "Cannot roll a spell check with a non-spell item.",
  "DCC.SpellCreate": "Criar Magia",
  "DCC.SpellDC": "CD da Magia",
  "DCC.SpellDetails": "Detahes da Magia",
  "DCC.SpellDuration": "Duração",
  "DCC.SpellEffects": "Efeitos da Magia",
  "DCC.SpellLevel": "Nível da Magia",
  "DCC.SpellLevel1": "1º Nível",
  "DCC.SpellLevel2": "2º Nível",
  "DCC.SpellLevel3": "3º Nível",
  "DCC.SpellLevel4": "4º Nível",
  "DCC.SpellLevel5": "5º Nível",
  "DCC.SpellLevel6": "6º Nível",
  "DCC.SpellLevelPact": "Pact Slot",
  "DCC.SpellLevelShort": "Nível",
  "DCC.SpellLost": "Perdido",
  "DCC.SpellLostMessage": "Perdeu a Magia!",
  "DCC.SpellLostMessageFormat": "Perdeu {spell}!",
  "DCC.SpellLostWarning": "Não poderá conjurar '{spell}' novamente neste dia!",
  "DCC.SpellMaterials": "Materiais de conjuração",
  "DCC.SpellName": "Nome da Magia",
  "DCC.SpellNone": "Nenhum",
  "DCC.SpellPage": "Página",
  "DCC.SpellPrepAlways": "Sempre Preparada",
  "DCC.SpellPrepPrepared": "Preparada",
  "DCC.SpellPreparationMode": "Modo de Preparação da Magia",
  "DCC.SpellPrepared": "Preparada",
  "DCC.SpellProgOverride": "Override slots",
  "DCC.SpellProgression": "Spell Progression",
  "DCC.SpellRange": "Alcance",
  "DCC.SpellResultCompendium": "Result Compendium",
  "DCC.SpellResultTable": "Tabela de Resultado",
  "DCC.SpellSave": "Save",
  "DCC.SpellScroll": "Spell Scroll",
  "DCC.SpellTarget": "Spell Target",
  "DCC.SpellUnprepared": "Unprepared",
  "DCC.SpellUsage": "Spell Usage",
  "DCC.Spellbook": "Grimório",
  "DCC.SpellcasterLevel": "Spellcaster Level",
  "DCC.Spellcasting": "Conjuração",
  "DCC.Spells": "Magias",
  "DCC.StartingFunds": "Fundos iniciais",
  "DCC.SubclassName": "Nome da Subclasse",
  "DCC.Supply": "Supply",
  "DCC.TakeDamage": "Takes {damage} HP of damage.",
  "DCC.Target": "Alvo",
  "DCC.TargetAlly": "Aliado",
  "DCC.TargetCone": "Cone",
  "DCC.TargetCreature": "Criatura",
  "DCC.TargetCube": "Cubo",
  "DCC.TargetCylinder": "Cilindro",
  "DCC.TargetEnemy": "Inimigo",
  "DCC.TargetLine": "Linha",
  "DCC.TargetObject": "Objeto",
  "DCC.TargetRadius": "Radius",
  "DCC.TargetSelf": "Auto",
  "DCC.TargetSpace": "Espaço",
  "DCC.TargetSphere": "Esfera",
  "DCC.TargetSquare": "Quadrado",
  "DCC.TargetWall": "Parede",
  "DCC.Temp": "Temp",
  "DCC.Thief": "Ladrão",
  "DCC.ThiefClassLink": "@Compendium[dcc-core-book.dcc-core-journals.PvG0IMBvMR6fDFIZ]{Thief}",
  "DCC.TimeDay": "Dias",
  "DCC.TimeHour": "Horas",
  "DCC.TimeInst": "Instantâneo",
  "DCC.TimeMinute": "Minutos",
  "DCC.TimeMonth": "Meses",
  "DCC.TimePerm": "Permanente",
  "DCC.TimeRound": "Rodadas",
  "DCC.TimeTurn": "Turnos",
  "DCC.TimeYear": "Anos",
  "DCC.Title": "Título",
  "DCC.ToHit": "Para Acertar",
  "DCC.ToolThieves": "Ferramentas de Ladrão",
  "DCC.ToolVehicle": "Veículo (Terra ou Água)",
  "DCC.TradeGoods": "Trade Goods",
  "DCC.TraitArmorProf": "Proficência com Armadura",
  "DCC.TraitSelectorSpecial": "Especial (Dividir com ponto e vírgula)",
  "DCC.TraitToolProf": "Proficiência com Ferramenta",
  "DCC.TraitWeaponProf": "Proficência com Arma",
  "DCC.Treasure": "Tesouro",
  "DCC.TurnUnholy": "Espantar Hereges",
  "DCC.TwoWeaponFighting": "Lutar com duas armas",
  "DCC.Type": "Tipo",
  "DCC.UndergroundSkills": "Underground Skills: smell gold/gems, find construction",
  "DCC.Unequipped": "Não Equipado",
  "DCC.Unknown" : "Desconhecido",
  "DCC.Unlimited": "Ilimitado",
  "DCC.Untrained": "Destreinado",
  "DCC.Usage": "Uso",
  "DCC.Use": "Usar",
  "DCC.UserGuideButton": "User Guide",
  "DCC.Uses": "Usos",
  "DCC.Versatile": "Versátil",
  "DCC.VersatileDamage": "Dano Versátil",
  "DCC.VsDC": "vs CD.",
  "DCC.Warrior": "Guerreiro",
  "DCC.WarriorClassLink": "@Compendium[dcc-core-book.dcc-core-journals.D58z5BuoH4g0cqPJ]{Warrior}",
  "DCC.WarriorLevel": "Warrior Level",
  "DCC.Weapon": "Arma",
  "DCC.WeaponImprov": "Improvisada",
  "DCC.WeaponNatural": "Natural",
  "DCC.WeaponNotFound" : "Incapaz de encontrar a arma com id '{id}'.",
  "DCC.WeaponPropertiesBackstab": "Ataque pelas costas",
  "DCC.WeaponPropertiesBackstabDamage": "Dano do ataque pelas costas",
  "DCC.WeaponPropertiesBackstabDamageTooltip": "Não é uma arma para ataque pelas costas.",
  "DCC.WeaponPropertiesCritOn": "Crít. Em",
  "DCC.WeaponPropertiesDamage": "Dano",
  "DCC.WeaponPropertiesMelee": "Corpo a corpo",
  "DCC.WeaponPropertiesRange": "Distância",
  "DCC.WeaponPropertiesRangeTooltip": "Não aplicável para arma corpo a corpo.",
  "DCC.WeaponPropertiesToHit": "Para Acertar",
  "DCC.WeaponPropertiesTrained": "Treinado",
  "DCC.WeaponPropertiesTwoHanded": "Duas mãos",
  "DCC.WeaponWarningUnequipped": "Não pode atacar com arma não equipada",
  "DCC.Weight": "Peso",
  "DCC.Wizard": "Mago",
  "DCC.WizardClassLink": "@Compendium[dcc-core-book.dcc-core-journals.nkMeeK9cZDYcvluD]{Wizard}",
  "DCC.WizardSpellLevel": "Nível da Magia",
  "DCC.WizardSpellName": "Nome da Magia",
  "DCC.WizardSpells": "Magias de Mago",
  "DCC.Yes": "Sim",
  "DCC.available": "disponível",
  "DCC.description": "A comprehensive game system for running games of Dungeon Crawl Classics in the Foundry VTT environment.",
  "DCC.of": "de",
  "DCC.spell": "magia",
  "DCC.title": "Dungeon Crawl Classics"
}